-- MySQL dump 10.13  Distrib 5.6.28, for debian-linux-gnu (x86_64)
--
-- Host: localhost    Database: buildinglite_development
-- ------------------------------------------------------
-- Server version	5.6.28-0ubuntu0.15.10.1

/*!40101 SET @OLD_CHARACTER_SET_CLIENT=@@CHARACTER_SET_CLIENT */;
/*!40101 SET @OLD_CHARACTER_SET_RESULTS=@@CHARACTER_SET_RESULTS */;
/*!40101 SET @OLD_COLLATION_CONNECTION=@@COLLATION_CONNECTION */;
/*!40101 SET NAMES utf8 */;
/*!40103 SET @OLD_TIME_ZONE=@@TIME_ZONE */;
/*!40103 SET TIME_ZONE='+00:00' */;
/*!40014 SET @OLD_UNIQUE_CHECKS=@@UNIQUE_CHECKS, UNIQUE_CHECKS=0 */;
/*!40014 SET @OLD_FOREIGN_KEY_CHECKS=@@FOREIGN_KEY_CHECKS, FOREIGN_KEY_CHECKS=0 */;
/*!40101 SET @OLD_SQL_MODE=@@SQL_MODE, SQL_MODE='NO_AUTO_VALUE_ON_ZERO' */;
/*!40111 SET @OLD_SQL_NOTES=@@SQL_NOTES, SQL_NOTES=0 */;

--
-- Table structure for table `apartments`
--

DROP TABLE IF EXISTS `apartments`;
/*!40101 SET @saved_cs_client     = @@character_set_client */;
/*!40101 SET character_set_client = utf8 */;
CREATE TABLE `apartments` (
  `id` int(11) NOT NULL AUTO_INCREMENT,
  `address` text COLLATE utf8_unicode_ci,
  `apartment_no` text COLLATE utf8_unicode_ci,
  `created_at` datetime NOT NULL,
  `updated_at` datetime NOT NULL,
  `community_id` int(11) DEFAULT NULL,
  `moved` date DEFAULT NULL,
  PRIMARY KEY (`id`),
  KEY `index_apartments_on_community_id` (`community_id`)
) ENGINE=InnoDB AUTO_INCREMENT=78 DEFAULT CHARSET=utf8 COLLATE=utf8_unicode_ci;
/*!40101 SET character_set_client = @saved_cs_client */;

--
-- Dumping data for table `apartments`
--

LOCK TABLES `apartments` WRITE;
/*!40000 ALTER TABLE `apartments` DISABLE KEYS */;
INSERT INTO `apartments` VALUES (2,'Gråhallsvägen 02','1','2016-01-08 17:20:11','2016-01-08 17:20:11',1,NULL),(3,'Gråhallsvägen 04','2','2016-01-08 17:20:11','2016-01-08 17:20:11',1,NULL),(4,'Gråhallsvägen 06','3','2016-01-08 17:20:11','2016-01-08 17:20:11',1,NULL),(5,'Gråhallsvägen 08','4','2016-01-08 17:20:11','2016-01-08 17:20:11',1,NULL),(6,'Gråhallsvägen 10','5','2016-01-08 17:20:11','2016-01-08 17:20:11',1,NULL),(7,'Gråhallsvägen 12','6','2016-01-08 17:20:11','2016-01-08 17:20:11',1,NULL),(8,'Gråhallsvägen 14','7','2016-01-08 17:20:11','2016-01-08 17:20:11',1,NULL),(9,'Gråhallsvägen 16','8','2016-01-08 17:20:11','2016-01-08 17:20:11',1,NULL),(10,'Gråhallsvägen 22','9','2016-01-08 17:20:11','2016-01-08 17:20:11',1,NULL),(11,'Gråhallsvägen 24','10','2016-01-08 17:20:11','2016-01-08 17:20:11',1,NULL),(12,'Gråhallsvägen 26','11','2016-01-08 17:20:11','2016-01-08 17:20:11',1,NULL),(13,'Gråhallsvägen 28','12','2016-01-08 17:20:11','2016-01-08 17:20:11',1,NULL),(14,'Gråhallsvägen 30','13','2016-01-08 17:20:11','2016-01-08 17:20:11',1,NULL),(15,'Gråhallsvägen 32','14','2016-01-08 17:20:11','2016-01-08 17:20:11',1,NULL),(16,'Gråhallsvägen 34','15','2016-01-08 17:20:11','2016-01-08 17:20:11',1,NULL),(17,'Gråhallsvägen 36','16','2016-01-08 17:20:11','2016-01-08 17:20:11',1,NULL),(18,'Gråhallsvägen 38','17','2016-01-08 17:20:11','2016-01-08 17:20:11',1,NULL),(19,'Gråhallsvägen 40','18','2016-01-08 17:20:11','2016-01-08 17:20:11',1,NULL),(20,'Gråhallsvägen 42','19','2016-01-08 17:20:11','2016-01-08 17:20:11',1,NULL),(21,'Gråhallsvägen 44','20','2016-01-08 17:20:11','2016-01-08 17:20:11',1,NULL),(22,'Gråhallsvägen 18','21','2016-01-08 17:20:11','2016-01-29 21:01:01',1,'2008-07-01'),(23,'Gråhallsvägen 20','22','2016-01-08 17:20:11','2016-01-08 17:20:11',1,NULL),(24,'Gråhallsvägen 46','25','2016-01-08 17:20:11','2016-01-08 17:20:11',1,NULL),(25,'Gråhallsvägen 48','26','2016-01-08 17:20:11','2016-01-08 17:20:11',1,NULL),(26,'Gråhallsvägen 01','27','2016-01-08 17:20:11','2016-01-08 17:20:11',1,NULL),(27,'Gråhallsvägen 03','28','2016-01-08 17:20:11','2016-01-08 17:20:11',1,NULL),(28,'Gråhallsvägen 05','29','2016-01-08 17:20:11','2016-01-08 17:20:11',1,NULL),(29,'Gråhallsvägen 07','30','2016-01-08 17:20:11','2016-01-08 17:20:11',1,NULL),(30,'Gråhallsvägen 09','31','2016-01-08 17:20:11','2016-01-08 17:20:11',1,NULL),(31,'Gråhallsvägen 11','32','2016-01-08 17:20:11','2016-01-08 17:20:11',1,NULL),(32,'Gråhallsvägen 13','33','2016-01-08 17:20:11','2016-01-08 17:20:11',1,NULL),(33,'Gråhallsvägen 15','34','2016-01-08 17:20:11','2016-01-08 17:20:11',1,NULL),(34,'Gråhallsvägen 21','35','2016-01-08 17:20:11','2016-01-08 17:20:11',1,NULL),(35,'Gråhallsvägen 23','36','2016-01-08 17:20:11','2016-01-08 17:20:11',1,NULL),(36,'Gråhallsvägen 25','37','2016-01-08 17:20:11','2016-01-08 17:20:11',1,NULL),(37,'Gråhallsvägen 27','38','2016-01-08 17:20:11','2016-01-08 17:20:11',1,NULL),(38,'Gråhallsvägen 29','39','2016-01-08 17:20:11','2016-01-08 17:20:11',1,NULL),(39,'Gråhallsvägen 31','40','2016-01-08 17:20:11','2016-01-08 17:20:11',1,NULL),(40,'Gråhallsvägen 33','41','2016-01-08 17:20:11','2016-01-08 17:20:11',1,NULL),(41,'Gråhallsvägen 35','42','2016-01-08 17:20:11','2016-01-08 17:20:11',1,NULL),(42,'Gråhallsvägen 37','43','2016-01-08 17:20:11','2016-01-08 17:20:11',1,NULL),(43,'Gråhallsvägen 39','44','2016-01-08 17:20:11','2016-01-08 17:20:11',1,NULL),(44,'Gråhallsvägen 19','45','2016-01-08 17:20:11','2016-01-08 17:20:11',1,NULL),(45,'Gråhallsvägen 17','46','2016-01-08 17:20:11','2016-01-08 17:20:11',1,NULL),(46,'Olsbjärsvägen 36','47','2016-01-08 17:20:11','2016-01-08 17:20:11',1,NULL),(47,'Olsbjärsvägen 34','48','2016-01-08 17:20:11','2016-01-08 17:20:11',1,NULL),(48,'Olsbjärsvägen 28','49','2016-01-08 17:20:11','2016-01-08 17:20:11',1,NULL),(49,'Olsbjärsvägen 26','50','2016-01-08 17:20:11','2016-01-08 17:20:11',1,NULL),(50,'Olsbjärsvägen 24','51','2016-01-08 17:20:11','2016-01-08 17:20:11',1,NULL),(51,'Olsbjärsvägen 22','52','2016-01-08 17:20:11','2016-01-08 17:20:11',1,NULL),(52,'Olsbjärsvägen 20','53','2016-01-08 17:20:11','2016-01-08 17:20:11',1,NULL),(53,'Olsbjärsvägen 18','54','2016-01-08 17:20:11','2016-01-08 17:20:11',1,NULL),(54,'Olsbjärsvägen 16','55','2016-01-08 17:20:11','2016-01-08 17:20:11',1,NULL),(55,'Olsbjärsvägen 14','56','2016-01-08 17:20:11','2016-01-08 17:20:11',1,NULL),(56,'Olsbjärsvägen 08','57','2016-01-08 17:20:11','2016-01-08 17:20:11',1,NULL),(57,'Olsbjärsvägen 06','58','2016-01-08 17:20:11','2016-01-08 17:20:11',1,NULL),(58,'Olsbjärsvägen 64','60','2016-01-08 17:20:11','2016-01-08 17:20:11',1,NULL),(59,'Olsbjärsvägen 62','61','2016-01-08 17:20:11','2016-01-08 17:20:11',1,NULL),(60,'Olsbjärsvägen 60','62','2016-01-08 17:20:11','2016-01-08 17:20:11',1,NULL),(61,'Olsbjärsvägen 58','63','2016-01-08 17:20:11','2016-01-08 17:20:11',1,NULL),(62,'Olsbjärsvägen 56','64','2016-01-08 17:20:11','2016-01-08 17:20:11',1,NULL),(63,'Olsbjärsvägen 54','65','2016-01-08 17:20:11','2016-01-08 17:20:11',1,NULL),(64,'Olsbjärsvägen 48','66','2016-01-08 17:20:11','2016-01-08 17:20:11',1,NULL),(65,'Olsbjärsvägen 46','67','2016-01-08 17:20:11','2016-01-08 17:20:11',1,NULL),(66,'Olsbjärsvägen 40','68','2016-01-08 17:20:11','2016-01-08 17:20:11',1,NULL),(67,'Olsbjärsvägen 38','69','2016-01-08 17:20:11','2016-01-08 17:20:11',1,NULL),(68,'Olsbjärsvägen 32','70','2016-01-08 17:20:11','2016-01-08 17:20:11',1,NULL),(69,'Olsbjärsvägen 30','71','2016-01-08 17:20:11','2016-01-08 17:20:11',1,NULL),(70,'Olsbjärsvägen 12','72','2016-01-08 17:20:11','2016-01-08 17:20:11',1,NULL),(71,'Olsbjärsvägen 10','73','2016-01-08 17:20:11','2016-01-08 17:20:11',1,NULL),(72,'Olsbjärsvägen 04','74','2016-01-08 17:20:11','2016-01-08 17:20:11',1,NULL),(73,'Olsbjärsvägen 02','75','2016-01-08 17:20:11','2016-01-08 17:20:11',1,NULL),(74,'Olsbjärsvägen 52','76','2016-01-08 17:20:11','2016-01-08 17:20:11',1,NULL),(75,'Olsbjärsvägen 50','77','2016-01-08 17:20:11','2016-01-08 17:20:11',1,NULL),(76,'Olsbjärsvägen 44','78','2016-01-08 17:20:11','2016-01-08 17:20:11',1,NULL),(77,'Olsbjärsvägen 42','79','2016-01-08 17:20:11','2016-01-08 17:20:11',1,NULL);
/*!40000 ALTER TABLE `apartments` ENABLE KEYS */;
UNLOCK TABLES;

--
-- Table structure for table `communities`
--

DROP TABLE IF EXISTS `communities`;
/*!40101 SET @saved_cs_client     = @@character_set_client */;
/*!40101 SET character_set_client = utf8 */;
CREATE TABLE `communities` (
  `id` int(11) NOT NULL AUTO_INCREMENT,
  `name` text COLLATE utf8_unicode_ci,
  `description` text COLLATE utf8_unicode_ci,
  `created_at` datetime NOT NULL,
  `updated_at` datetime NOT NULL,
  PRIMARY KEY (`id`)
) ENGINE=InnoDB AUTO_INCREMENT=2 DEFAULT CHARSET=utf8 COLLATE=utf8_unicode_ci;
/*!40101 SET character_set_client = @saved_cs_client */;

--
-- Dumping data for table `communities`
--

LOCK TABLES `communities` WRITE;
/*!40000 ALTER TABLE `communities` DISABLE KEYS */;
INSERT INTO `communities` VALUES (1,'Trönninge äng','Brf Trönninge äng','2015-11-09 16:37:54','2015-11-09 16:37:54');
/*!40000 ALTER TABLE `communities` ENABLE KEYS */;
UNLOCK TABLES;

--
-- Table structure for table `fee_rates`
--

DROP TABLE IF EXISTS `fee_rates`;
/*!40101 SET @saved_cs_client     = @@character_set_client */;
/*!40101 SET character_set_client = utf8 */;
CREATE TABLE `fee_rates` (
  `id` int(11) NOT NULL AUTO_INCREMENT,
  `start_date` date DEFAULT NULL,
  `end_date` date DEFAULT NULL,
  `rate_apartment` decimal(10,0) DEFAULT NULL,
  `rate_cost` decimal(10,0) DEFAULT NULL,
  `fee_id` int(11) DEFAULT NULL,
  `created_at` datetime NOT NULL,
  `updated_at` datetime NOT NULL,
  PRIMARY KEY (`id`),
  KEY `index_fee_rates_on_fee_id` (`fee_id`),
  CONSTRAINT `fk_rails_bedaa97f05` FOREIGN KEY (`fee_id`) REFERENCES `fees` (`id`)
) ENGINE=InnoDB AUTO_INCREMENT=6 DEFAULT CHARSET=utf8 COLLATE=utf8_unicode_ci;
/*!40101 SET character_set_client = @saved_cs_client */;

--
-- Dumping data for table `fee_rates`
--

LOCK TABLES `fee_rates` WRITE;
/*!40000 ALTER TABLE `fee_rates` DISABLE KEYS */;
INSERT INTO `fee_rates` VALUES (1,'2013-01-01','2013-12-31',89,14,1,'2015-11-09 16:41:56','2015-11-09 16:41:56'),(4,'2014-01-01','2014-12-31',89,14,1,'2015-11-09 16:43:08','2015-11-09 16:43:08'),(5,'2015-01-01','2015-12-31',93,14,1,'2015-11-09 16:44:19','2015-11-09 16:44:19');
/*!40000 ALTER TABLE `fee_rates` ENABLE KEYS */;
UNLOCK TABLES;

--
-- Table structure for table `fee_transactions`
--

DROP TABLE IF EXISTS `fee_transactions`;
/*!40101 SET @saved_cs_client     = @@character_set_client */;
/*!40101 SET character_set_client = utf8 */;
CREATE TABLE `fee_transactions` (
  `id` int(11) NOT NULL AUTO_INCREMENT,
  `start_date` date DEFAULT NULL,
  `end_date` date DEFAULT NULL,
  `transaction_type` varchar(255) COLLATE utf8_unicode_ci DEFAULT NULL,
  `value` decimal(10,0) DEFAULT NULL,
  `fee_id` int(11) DEFAULT NULL,
  `apartment_id` int(11) DEFAULT NULL,
  `created_at` datetime NOT NULL,
  `updated_at` datetime NOT NULL,
  PRIMARY KEY (`id`),
  KEY `index_fee_transactions_on_fee_id` (`fee_id`),
  KEY `index_fee_transactions_on_apartment_id` (`apartment_id`),
  CONSTRAINT `fk_rails_7a6c830e12` FOREIGN KEY (`apartment_id`) REFERENCES `apartments` (`id`),
  CONSTRAINT `fk_rails_ff549ebf40` FOREIGN KEY (`fee_id`) REFERENCES `fees` (`id`)
) ENGINE=InnoDB AUTO_INCREMENT=1768 DEFAULT CHARSET=utf8 COLLATE=utf8_unicode_ci;
/*!40101 SET character_set_client = @saved_cs_client */;

--
-- Dumping data for table `fee_transactions`
--

LOCK TABLES `fee_transactions` WRITE;
/*!40000 ALTER TABLE `fee_transactions` DISABLE KEYS */;
INSERT INTO `fee_transactions` VALUES (3,'2012-05-31',NULL,'input',3601,1,2,'2016-01-08 17:32:51','2016-01-08 17:32:51'),(4,'2012-05-31',NULL,'input',3622,1,27,'2016-01-08 17:32:51','2016-01-08 17:32:51'),(5,'2012-05-31',NULL,'input',2794,1,3,'2016-01-08 17:32:51','2016-01-08 17:32:51'),(6,'2012-05-31',NULL,'input',2576,1,28,'2016-01-08 17:32:51','2016-01-08 17:32:51'),(7,'2012-05-31',NULL,'input',3223,1,4,'2016-01-08 17:32:51','2016-01-08 17:32:51'),(8,'2012-05-31',NULL,'input',2888,1,29,'2016-01-08 17:32:51','2016-01-08 17:32:51'),(9,'2012-05-31',NULL,'input',2977,1,5,'2016-01-08 17:32:51','2016-01-08 17:32:51'),(10,'2012-05-31',NULL,'input',2552,1,30,'2016-01-08 17:32:51','2016-01-08 17:32:51'),(11,'2012-05-31',NULL,'input',3599,1,6,'2016-01-08 17:32:51','2016-01-08 17:32:51'),(12,'2012-05-31',NULL,'input',2982,1,31,'2016-01-08 17:32:51','2016-01-08 17:32:51'),(13,'2012-05-31',NULL,'input',3605,1,7,'2016-01-08 17:32:51','2016-01-08 17:32:51'),(14,'2012-05-31',NULL,'input',3352,1,32,'2016-01-08 17:32:51','2016-01-08 17:32:51'),(15,'2012-05-31',NULL,'input',3014,1,8,'2016-01-08 17:32:51','2016-01-08 17:32:51'),(16,'2012-05-31',NULL,'input',3434,1,33,'2016-01-08 17:32:51','2016-01-08 17:32:51'),(17,'2012-05-31',NULL,'input',2682,1,9,'2016-01-08 17:32:51','2016-01-08 17:32:51'),(18,'2012-05-31',NULL,'input',3660,1,45,'2016-01-08 17:32:51','2016-01-08 17:32:51'),(19,'2012-05-31',NULL,'input',2261,1,22,'2016-01-08 17:32:51','2016-01-08 17:32:51'),(20,'2012-05-31',NULL,'input',2849,1,44,'2016-01-08 17:32:51','2016-01-08 17:32:51'),(21,'2012-05-31',NULL,'input',3166,1,23,'2016-01-08 17:32:51','2016-01-08 17:32:51'),(22,'2012-05-31',NULL,'input',2751,1,34,'2016-01-08 17:32:51','2016-01-08 17:32:51'),(23,'2012-05-31',NULL,'input',2300,1,10,'2016-01-08 17:32:51','2016-01-08 17:32:51'),(24,'2012-05-31',NULL,'input',5125,1,35,'2016-01-08 17:32:51','2016-01-08 17:32:51'),(25,'2012-05-31',NULL,'input',1981,1,11,'2016-01-08 17:32:51','2016-01-08 17:32:51'),(26,'2012-05-31',NULL,'input',3027,1,36,'2016-01-08 17:32:51','2016-01-08 17:32:51'),(27,'2012-05-31',NULL,'input',2084,1,12,'2016-01-08 17:32:51','2016-01-08 17:32:51'),(28,'2012-05-31',NULL,'input',2677,1,37,'2016-01-08 17:32:51','2016-01-08 17:32:51'),(29,'2012-05-31',NULL,'input',1900,1,13,'2016-01-08 17:32:51','2016-01-08 17:32:51'),(30,'2012-05-31',NULL,'input',3304,1,38,'2016-01-08 17:32:51','2016-01-08 17:32:51'),(31,'2012-05-31',NULL,'input',2782,1,14,'2016-01-08 17:32:51','2016-01-08 17:32:51'),(32,'2012-05-31',NULL,'input',3926,1,39,'2016-01-08 17:32:51','2016-01-08 17:32:51'),(33,'2012-05-31',NULL,'input',1624,1,15,'2016-01-08 17:32:51','2016-01-08 17:32:51'),(34,'2012-05-31',NULL,'input',932,1,40,'2016-01-08 17:32:51','2016-01-08 17:32:51'),(35,'2012-05-31',NULL,'input',1925,1,16,'2016-01-08 17:32:51','2016-01-08 17:32:51'),(36,'2012-05-31',NULL,'input',2754,1,41,'2016-01-08 17:32:51','2016-01-08 17:32:51'),(37,'2012-05-31',NULL,'input',1486,1,17,'2016-01-08 17:32:51','2016-01-08 17:32:51'),(38,'2012-05-31',NULL,'input',3330,1,42,'2016-01-08 17:32:51','2016-01-08 17:32:51'),(39,'2012-05-31',NULL,'input',3075,1,18,'2016-01-08 17:32:51','2016-01-08 17:32:51'),(40,'2012-05-31',NULL,'input',1411,1,43,'2016-01-08 17:32:51','2016-01-08 17:32:51'),(41,'2012-05-31',NULL,'input',3236,1,19,'2016-01-08 17:32:51','2016-01-08 17:32:51'),(42,'2012-05-31',NULL,'input',3265,1,20,'2016-01-08 17:32:51','2016-01-08 17:32:51'),(43,'2012-05-31',NULL,'input',2363,1,21,'2016-01-08 17:32:51','2016-01-08 17:32:51'),(44,'2012-05-31',NULL,'input',2927,1,24,'2016-01-08 17:32:51','2016-01-08 17:32:51'),(45,'2012-05-31',NULL,'input',2387,1,25,'2016-01-08 17:32:51','2016-01-08 17:32:51'),(46,'2012-05-31',NULL,'input',1445,1,73,'2016-01-08 17:32:51','2016-01-08 17:32:51'),(47,'2012-05-31',NULL,'input',1618,1,72,'2016-01-08 17:32:51','2016-01-08 17:32:51'),(48,'2012-05-31',NULL,'input',2477,1,57,'2016-01-08 17:32:51','2016-01-08 17:32:51'),(49,'2012-05-31',NULL,'input',2360,1,56,'2016-01-08 17:32:51','2016-01-08 17:32:51'),(50,'2012-05-31',NULL,'input',1616,1,71,'2016-01-08 17:32:51','2016-01-08 17:32:51'),(51,'2012-05-31',NULL,'input',1732,1,70,'2016-01-08 17:32:51','2016-01-08 17:32:51'),(52,'2012-05-31',NULL,'input',3006,1,55,'2016-01-08 17:32:51','2016-01-08 17:32:51'),(53,'2012-05-31',NULL,'input',3225,1,54,'2016-01-08 17:32:51','2016-01-08 17:32:51'),(54,'2012-05-31',NULL,'input',3133,1,53,'2016-01-08 17:32:51','2016-01-08 17:32:51'),(55,'2012-05-31',NULL,'input',2767,1,52,'2016-01-08 17:32:51','2016-01-08 17:32:51'),(56,'2012-05-31',NULL,'input',3810,1,51,'2016-01-08 17:32:51','2016-01-08 17:32:51'),(57,'2012-05-31',NULL,'input',4428,1,50,'2016-01-08 17:32:51','2016-01-08 17:32:51'),(58,'2012-05-31',NULL,'input',2697,1,49,'2016-01-08 17:32:51','2016-01-08 17:32:51'),(59,'2012-05-31',NULL,'input',3884,1,48,'2016-01-08 17:32:51','2016-01-08 17:32:51'),(60,'2012-05-31',NULL,'input',3357,1,69,'2016-01-08 17:32:51','2016-01-08 17:32:51'),(61,'2012-05-31',NULL,'input',3720,1,68,'2016-01-08 17:32:51','2016-01-08 17:32:51'),(62,'2012-05-31',NULL,'input',2928,1,47,'2016-01-08 17:32:51','2016-01-08 17:32:51'),(63,'2012-05-31',NULL,'input',2093,1,46,'2016-01-08 17:32:51','2016-01-08 17:32:51'),(64,'2012-05-31',NULL,'input',3102,1,67,'2016-01-08 17:32:51','2016-01-08 17:32:51'),(65,'2012-05-31',NULL,'input',2511,1,66,'2016-01-08 17:32:51','2016-01-08 17:32:51'),(66,'2012-05-31',NULL,'input',3094,1,77,'2016-01-08 17:32:51','2016-01-08 17:32:51'),(67,'2012-05-31',NULL,'input',2033,1,76,'2016-01-08 17:32:51','2016-01-08 17:32:51'),(68,'2012-05-31',NULL,'input',2812,1,65,'2016-01-08 17:32:51','2016-01-08 17:32:51'),(69,'2012-05-31',NULL,'input',2346,1,64,'2016-01-08 17:32:51','2016-01-08 17:32:51'),(70,'2012-05-31',NULL,'input',2426,1,75,'2016-01-08 17:32:51','2016-01-08 17:32:51'),(71,'2012-05-31',NULL,'input',2605,1,74,'2016-01-08 17:32:51','2016-01-08 17:32:51'),(72,'2012-05-31',NULL,'input',3536,1,63,'2016-01-08 17:32:51','2016-01-08 17:32:51'),(73,'2012-05-31',NULL,'input',4096,1,62,'2016-01-08 17:32:51','2016-01-08 17:32:51'),(74,'2012-05-31',NULL,'input',3158,1,61,'2016-01-08 17:32:51','2016-01-08 17:32:51'),(75,'2012-05-31',NULL,'input',2434,1,60,'2016-01-08 17:32:51','2016-01-08 17:32:51'),(76,'2012-05-31',NULL,'input',3181,1,59,'2016-01-08 17:32:51','2016-01-08 17:32:51'),(77,'2012-05-31',NULL,'input',3292,1,58,'2016-01-08 17:32:51','2016-01-08 17:32:51'),(78,'2013-05-16',NULL,'input',3275,1,26,'2016-01-08 17:32:51','2016-01-08 17:32:51'),(79,'2013-05-15',NULL,'input',3689,1,2,'2016-01-08 17:32:51','2016-01-08 17:32:51'),(80,'2013-06-07',NULL,'input',3835,1,27,'2016-01-08 17:32:51','2016-01-08 17:32:51'),(81,'2013-05-17',NULL,'input',2835,1,3,'2016-01-08 17:32:51','2016-01-08 17:32:51'),(82,'2013-05-15',NULL,'input',2637,1,28,'2016-01-08 17:32:51','2016-01-08 17:32:51'),(83,'2013-05-19',NULL,'input',3387,1,4,'2016-01-08 17:32:51','2016-01-08 17:32:51'),(84,'2013-05-15',NULL,'input',3000,1,29,'2016-01-08 17:32:51','2016-01-08 17:32:51'),(85,'2013-05-17',NULL,'input',3056,1,5,'2016-01-08 17:32:51','2016-01-08 17:32:51'),(86,'2013-05-15',NULL,'input',2681,1,30,'2016-01-08 17:32:51','2016-01-08 17:32:51'),(87,'2013-05-18',NULL,'input',3693,1,6,'2016-01-08 17:32:51','2016-01-08 17:32:51'),(88,'2013-05-26',NULL,'input',3129,1,31,'2016-01-08 17:32:51','2016-01-08 17:32:51'),(89,'2013-05-21',NULL,'input',3728,1,7,'2016-01-08 17:32:51','2016-01-08 17:32:51'),(90,'2013-05-30',NULL,'input',3439,1,32,'2016-01-08 17:32:51','2016-01-08 17:32:51'),(91,'2013-05-19',NULL,'input',3142,1,8,'2016-01-08 17:32:51','2016-01-08 17:32:51'),(92,'2013-05-19',NULL,'input',3606,1,33,'2016-01-08 17:32:51','2016-01-08 17:32:51'),(93,'2013-05-16',NULL,'input',2755,1,9,'2016-01-08 17:32:51','2016-01-08 17:32:51'),(94,'2013-05-28',NULL,'input',3766,1,45,'2016-01-08 17:32:51','2016-01-08 17:32:51'),(95,'2013-05-18',NULL,'input',2366,1,22,'2016-01-08 17:32:51','2016-01-08 17:32:51'),(96,'2013-05-31',NULL,'input',2987,1,44,'2016-01-08 17:32:51','2016-01-08 17:32:51'),(97,'2013-06-02',NULL,'input',3300,1,23,'2016-01-08 17:32:51','2016-01-08 17:32:51'),(98,'2013-05-19',NULL,'input',2841,1,34,'2016-01-08 17:32:51','2016-01-08 17:32:51'),(99,'2013-05-16',NULL,'input',5373,1,35,'2016-01-08 17:32:51','2016-01-08 17:32:51'),(100,'2013-05-15',NULL,'input',2045,1,11,'2016-01-08 17:32:51','2016-01-08 17:32:51'),(101,'2013-06-15',NULL,'input',3170,1,36,'2016-01-08 17:32:51','2016-01-08 17:32:51'),(102,'2013-05-15',NULL,'input',2156,1,12,'2016-01-08 17:32:51','2016-01-08 17:32:51'),(103,'2013-05-16',NULL,'input',2700,1,37,'2016-01-08 17:32:51','2016-01-08 17:32:51'),(104,'2013-05-15',NULL,'input',1928,1,13,'2016-01-08 17:32:51','2016-01-08 17:32:51'),(105,'2013-05-19',NULL,'input',3450,1,38,'2016-01-08 17:32:51','2016-01-08 17:32:51'),(106,'2013-05-15',NULL,'input',2879,1,14,'2016-01-08 17:32:51','2016-01-08 17:32:51'),(107,'2013-05-18',NULL,'input',3953,1,39,'2016-01-08 17:32:51','2016-01-08 17:32:51'),(108,'2013-05-17',NULL,'input',1672,1,15,'2016-01-08 17:32:51','2016-01-08 17:32:51'),(109,'2013-05-17',NULL,'input',961,1,40,'2016-01-08 17:32:51','2016-01-08 17:32:51'),(110,'2013-05-15',NULL,'input',2014,1,16,'2016-01-08 17:32:51','2016-01-08 17:32:51'),(111,'2013-06-01',NULL,'input',2867,1,41,'2016-01-08 17:32:51','2016-01-08 17:32:51'),(112,'2013-05-15',NULL,'input',1530,1,17,'2016-01-08 17:32:51','2016-01-08 17:32:51'),(113,'2013-05-22',NULL,'input',3422,1,42,'2016-01-08 17:32:51','2016-01-08 17:32:51'),(114,'2013-05-26',NULL,'input',3272,1,18,'2016-01-08 17:32:51','2016-01-08 17:32:51'),(115,'2013-05-18',NULL,'input',1516,1,43,'2016-01-08 17:32:51','2016-01-08 17:32:51'),(116,'2013-05-17',NULL,'input',3356,1,19,'2016-01-08 17:32:51','2016-01-08 17:32:51'),(117,'2013-05-21',NULL,'input',3425,1,20,'2016-01-08 17:32:51','2016-01-08 17:32:51'),(118,'2013-05-15',NULL,'input',2451,1,21,'2016-01-08 17:32:51','2016-01-08 17:32:51'),(119,'2013-05-15',NULL,'input',3160,1,24,'2016-01-08 17:32:51','2016-01-08 17:32:51'),(120,'2013-05-24',NULL,'input',2536,1,25,'2016-01-08 17:32:51','2016-01-08 17:32:51'),(121,'2013-05-15',NULL,'input',1500,1,73,'2016-01-08 17:32:51','2016-01-08 17:32:51'),(122,'2013-05-29',NULL,'input',1716,1,72,'2016-01-08 17:32:51','2016-01-08 17:32:51'),(123,'2013-05-15',NULL,'input',2575,1,57,'2016-01-08 17:32:51','2016-01-08 17:32:51'),(124,'2013-05-25',NULL,'input',2470,1,56,'2016-01-08 17:32:51','2016-01-08 17:32:51'),(125,'2013-05-16',NULL,'input',1652,1,71,'2016-01-08 17:32:51','2016-01-08 17:32:51'),(126,'2013-05-15',NULL,'input',1787,1,70,'2016-01-08 17:32:51','2016-01-08 17:32:51'),(127,'2013-05-22',NULL,'input',3168,1,55,'2016-01-08 17:32:51','2016-01-08 17:32:51'),(128,'2013-05-16',NULL,'input',3352,1,54,'2016-01-08 17:32:51','2016-01-08 17:32:51'),(129,'2013-05-25',NULL,'input',3291,1,53,'2016-01-08 17:32:51','2016-01-08 17:32:51'),(130,'2013-05-17',NULL,'input',3988,1,51,'2016-01-08 17:32:51','2016-01-08 17:32:51'),(131,'2013-05-15',NULL,'input',4782,1,50,'2016-01-08 17:32:51','2016-01-08 17:32:51'),(132,'2013-05-15',NULL,'input',2775,1,49,'2016-01-08 17:32:51','2016-01-08 17:32:51'),(133,'2013-05-15',NULL,'input',4024,1,48,'2016-01-08 17:32:51','2016-01-08 17:32:51'),(134,'2013-05-16',NULL,'input',3450,1,69,'2016-01-08 17:32:51','2016-01-08 17:32:51'),(135,'2013-05-16',NULL,'input',3815,1,68,'2016-01-08 17:32:51','2016-01-08 17:32:51'),(136,'2013-05-20',NULL,'input',3144,1,47,'2016-01-08 17:32:51','2016-01-08 17:32:51'),(137,'2013-05-22',NULL,'input',2205,1,46,'2016-01-08 17:32:51','2016-01-08 17:32:51'),(138,'2013-05-20',NULL,'input',3206,1,67,'2016-01-08 17:32:51','2016-01-08 17:32:51'),(139,'2013-05-21',NULL,'input',2667,1,66,'2016-01-08 17:32:51','2016-01-08 17:32:51'),(140,'2013-05-19',NULL,'input',3223,1,77,'2016-01-08 17:32:51','2016-01-08 17:32:51'),(141,'2013-05-20',NULL,'input',2094,1,76,'2016-01-08 17:32:51','2016-01-08 17:32:51'),(142,'2013-06-03',NULL,'input',2942,1,65,'2016-01-08 17:32:51','2016-01-08 17:32:51'),(143,'2013-05-15',NULL,'input',2399,1,64,'2016-01-08 17:32:51','2016-01-08 17:32:51'),(144,'2013-06-03',NULL,'input',2560,1,75,'2016-01-08 17:32:51','2016-01-08 17:32:51'),(145,'2013-05-20',NULL,'input',2706,1,74,'2016-01-08 17:32:51','2016-01-08 17:32:51'),(146,'2013-05-15',NULL,'input',3712,1,63,'2016-01-08 17:32:51','2016-01-08 17:32:51'),(147,'2013-05-15',NULL,'input',4245,1,62,'2016-01-08 17:32:51','2016-01-08 17:32:51'),(148,'2013-05-15',NULL,'input',3299,1,61,'2016-01-08 17:32:51','2016-01-08 17:32:51'),(149,'2013-05-15',NULL,'input',2604,1,60,'2016-01-08 17:32:51','2016-01-08 17:32:51'),(150,'2013-06-06',NULL,'input',3323,1,59,'2016-01-08 17:32:51','2016-01-08 17:32:51'),(151,'2013-05-16',NULL,'input',3324,1,58,'2016-01-08 17:32:51','2016-01-08 17:32:51'),(152,'2014-05-12',NULL,'input',3368,1,26,'2016-01-08 17:32:51','2016-01-08 17:32:51'),(153,'2014-05-09',NULL,'input',3777,1,2,'2016-01-08 17:32:51','2016-01-08 17:32:51'),(154,'2014-05-25',NULL,'input',4050,1,27,'2016-01-08 17:32:51','2016-01-08 17:32:51'),(155,'2014-05-02',NULL,'input',2878,1,3,'2016-01-08 17:32:51','2016-01-08 17:32:51'),(156,'2014-05-17',NULL,'input',2692,1,28,'2016-01-08 17:32:51','2016-01-08 17:32:51'),(157,'2014-05-21',NULL,'input',3552,1,4,'2016-01-08 17:32:51','2016-01-08 17:32:51'),(158,'2014-05-04',NULL,'input',3099,1,29,'2016-01-08 17:32:51','2016-01-08 17:32:51'),(159,'2014-05-07',NULL,'input',3127,1,5,'2016-01-08 17:32:51','2016-01-08 17:32:51'),(160,'2014-05-02',NULL,'input',2799,1,30,'2016-01-08 17:32:51','2016-01-08 17:32:51'),(161,'2014-05-02',NULL,'input',3778,1,6,'2016-01-08 17:32:51','2016-01-08 17:32:51'),(162,'2014-05-08',NULL,'input',3230,1,31,'2016-01-08 17:32:51','2016-01-08 17:32:51'),(163,'2014-05-23',NULL,'input',3841,1,7,'2016-01-08 17:32:51','2016-01-08 17:32:51'),(164,'2014-05-26',NULL,'input',3599,1,32,'2016-01-08 17:32:51','2016-01-08 17:32:51'),(165,'2014-05-02',NULL,'input',3284,1,8,'2016-01-08 17:32:51','2016-01-08 17:32:51'),(166,'2014-05-04',NULL,'input',3732,1,33,'2016-01-08 17:32:51','2016-01-08 17:32:51'),(167,'2014-05-03',NULL,'input',2954,1,9,'2016-01-08 17:32:51','2016-01-08 17:32:51'),(168,'2014-05-02',NULL,'input',3883,1,45,'2016-01-08 17:32:51','2016-01-08 17:32:51'),(169,'2014-05-04',NULL,'input',2499,1,22,'2016-01-08 17:32:51','2016-01-08 17:32:51'),(170,'2014-05-02',NULL,'input',3100,1,44,'2016-01-08 17:32:51','2016-01-08 17:32:51'),(171,'2014-05-24',NULL,'input',3434,1,23,'2016-01-08 17:32:51','2016-01-08 17:32:51'),(172,'2014-05-24',NULL,'input',2954,1,34,'2016-01-08 17:32:51','2016-01-08 17:32:51'),(173,'2014-05-04',NULL,'input',2498,1,10,'2016-01-08 17:32:51','2016-01-08 17:32:51'),(174,'2014-05-02',NULL,'input',5618,1,35,'2016-01-08 17:32:51','2016-01-08 17:32:51'),(175,'2014-05-06',NULL,'input',2114,1,11,'2016-01-08 17:32:51','2016-01-08 17:32:51'),(176,'2014-05-05',NULL,'input',2200,1,12,'2016-01-08 17:32:51','2016-01-08 17:32:51'),(177,'2014-05-31',NULL,'input',2851,1,37,'2016-01-08 17:32:51','2016-01-08 17:32:51'),(178,'2014-05-02',NULL,'input',1962,1,13,'2016-01-08 17:32:51','2016-01-08 17:32:51'),(179,'2014-05-26',NULL,'input',3614,1,38,'2016-01-08 17:32:51','2016-01-08 17:32:51'),(180,'2014-05-03',NULL,'input',2995,1,14,'2016-01-08 17:32:51','2016-01-08 17:32:51'),(181,'2014-05-05',NULL,'input',3983,1,39,'2016-01-08 17:32:51','2016-01-08 17:32:51'),(182,'2014-05-19',NULL,'input',1715,1,15,'2016-01-08 17:32:51','2016-01-08 17:32:51'),(183,'2014-05-02',NULL,'input',991,1,40,'2016-01-08 17:32:51','2016-01-08 17:32:51'),(184,'2014-05-02',NULL,'input',2102,1,16,'2016-01-08 17:32:51','2016-01-08 17:32:51'),(185,'2014-05-04',NULL,'input',2982,1,41,'2016-01-08 17:32:51','2016-01-08 17:32:51'),(186,'2014-05-14',NULL,'input',1574,1,17,'2016-01-08 17:32:51','2016-01-08 17:32:51'),(187,'2014-05-05',NULL,'input',3494,1,42,'2016-01-08 17:32:51','2016-01-08 17:32:51'),(188,'2014-05-04',NULL,'input',3464,1,18,'2016-01-08 17:32:51','2016-01-08 17:32:51'),(189,'2014-05-07',NULL,'input',1618,1,43,'2016-01-08 17:32:51','2016-01-08 17:32:51'),(190,'2014-05-04',NULL,'input',3455,1,19,'2016-01-08 17:32:51','2016-01-08 17:32:51'),(191,'2014-05-05',NULL,'input',3558,1,20,'2016-01-08 17:32:51','2016-01-08 17:32:51'),(192,'2014-05-07',NULL,'input',2531,1,21,'2016-01-08 17:32:51','2016-01-08 17:32:51'),(193,'2014-05-03',NULL,'input',3100,1,24,'2016-01-08 17:32:51','2016-01-08 17:32:51'),(194,'2014-05-07',NULL,'input',2660,1,25,'2016-01-08 17:32:51','2016-01-08 17:32:51'),(195,'2014-05-02',NULL,'input',1553,1,73,'2016-01-08 17:32:51','2016-01-08 17:32:51'),(196,'2014-05-08',NULL,'input',1876,1,72,'2016-01-08 17:32:51','2016-01-08 17:32:51'),(197,'2014-05-02',NULL,'input',2676,1,57,'2016-01-08 17:32:51','2016-01-08 17:32:51'),(198,'2014-05-08',NULL,'input',2581,1,56,'2016-01-08 17:32:51','2016-01-08 17:32:51'),(199,'2014-05-05',NULL,'input',1686,1,71,'2016-01-08 17:32:51','2016-01-08 17:32:51'),(200,'2014-05-06',NULL,'input',1829,1,70,'2016-01-08 17:32:51','2016-01-08 17:32:51'),(201,'2014-05-24',NULL,'input',3338,1,55,'2016-01-08 17:32:51','2016-01-08 17:32:51'),(202,'2014-05-15',NULL,'input',3487,1,54,'2016-01-08 17:32:51','2016-01-08 17:32:51'),(203,'2014-05-06',NULL,'input',3466,1,53,'2016-01-08 17:32:51','2016-01-08 17:32:51'),(204,'2014-05-06',NULL,'input',3056,1,52,'2016-01-08 17:32:51','2016-01-08 17:32:51'),(205,'2014-05-04',NULL,'input',4207,1,51,'2016-01-08 17:32:51','2016-01-08 17:32:51'),(206,'2014-05-02',NULL,'input',5132,1,50,'2016-01-08 17:32:51','2016-01-08 17:32:51'),(207,'2014-05-02',NULL,'input',2857,1,49,'2016-01-08 17:32:51','2016-01-08 17:32:51'),(208,'2014-05-03',NULL,'input',4156,1,48,'2016-01-08 17:32:51','2016-01-08 17:32:51'),(209,'2014-05-04',NULL,'input',3545,1,69,'2016-01-08 17:32:51','2016-01-08 17:32:51'),(210,'2014-05-20',NULL,'input',3920,1,68,'2016-01-08 17:32:51','2016-01-08 17:32:51'),(211,'2014-05-02',NULL,'input',3377,1,47,'2016-01-08 17:32:51','2016-01-08 17:32:51'),(212,'2014-05-08',NULL,'input',2348,1,46,'2016-01-08 17:32:51','2016-01-08 17:32:51'),(213,'2014-05-31',NULL,'input',3324,1,67,'2016-01-08 17:32:51','2016-01-08 17:32:51'),(214,'2014-05-16',NULL,'input',2849,1,66,'2016-01-08 17:32:51','2016-01-08 17:32:51'),(215,'2014-05-04',NULL,'input',3357,1,77,'2016-01-08 17:32:51','2016-01-08 17:32:51'),(216,'2014-05-07',NULL,'input',2151,1,76,'2016-01-08 17:32:51','2016-01-08 17:32:51'),(217,'2014-05-31',NULL,'input',3094,1,65,'2016-01-08 17:32:51','2016-01-08 17:32:51'),(218,'2014-05-06',NULL,'input',2487,1,64,'2016-01-08 17:32:51','2016-01-08 17:32:51'),(219,'2014-05-15',NULL,'input',2712,1,75,'2016-01-08 17:32:51','2016-01-08 17:32:51'),(220,'2014-05-05',NULL,'input',2806,1,74,'2016-01-08 17:32:51','2016-01-08 17:32:51'),(221,'2014-05-03',NULL,'input',3897,1,63,'2016-01-08 17:32:51','2016-01-08 17:32:51'),(222,'2014-05-05',NULL,'input',4408,1,62,'2016-01-08 17:32:51','2016-01-08 17:32:51'),(223,'2014-05-02',NULL,'input',3451,1,61,'2016-01-08 17:32:51','2016-01-08 17:32:51'),(224,'2014-05-04',NULL,'input',2739,1,60,'2016-01-08 17:32:51','2016-01-08 17:32:51'),(225,'2014-05-02',NULL,'input',3354,1,58,'2016-01-08 17:32:51','2016-01-08 17:32:51'),(226,'2015-05-01',NULL,'input',3040,1,66,'2016-01-08 17:32:51','2016-01-08 17:32:51'),(227,'2015-05-01',NULL,'input',3697,1,20,'2016-01-08 17:32:51','2016-01-08 17:32:51'),(228,'2015-05-01',NULL,'input',3266,1,36,'2016-01-08 17:32:51','2016-01-08 17:32:51'),(229,'2015-05-01',NULL,'input',2704,1,56,'2016-01-08 17:32:51','2016-01-08 17:32:51'),(230,'2015-05-05',NULL,'input',3646,1,53,'2016-01-08 17:32:51','2016-01-08 17:32:51'),(231,'2015-05-05',NULL,'input',3625,1,54,'2016-01-08 17:32:51','2016-01-08 17:32:51'),(232,'2015-05-05',NULL,'input',4257,1,48,'2016-01-08 17:32:51','2016-01-08 17:32:51'),(233,'2015-05-05',NULL,'input',3869,1,2,'2016-01-08 17:32:51','2016-01-08 17:32:51'),(234,'2015-05-05',NULL,'input',2600,1,64,'2016-01-08 17:32:51','2016-01-08 17:32:51'),(235,'2015-05-05',NULL,'input',4531,1,62,'2016-01-08 17:32:51','2016-01-08 17:32:51'),(236,'2015-05-05',NULL,'input',5863,1,35,'2016-01-08 17:32:51','2016-01-08 17:32:51'),(237,'2015-05-05',NULL,'input',3181,1,52,'2016-01-08 17:32:51','2016-01-08 17:32:51'),(238,'2015-05-05',NULL,'input',3846,1,33,'2016-01-08 17:32:51','2016-01-08 17:32:51'),(239,'2015-05-05',NULL,'input',3390,1,58,'2016-01-08 17:32:51','2016-01-08 17:32:51'),(240,'2015-05-05',NULL,'input',2798,1,25,'2016-01-08 17:32:51','2016-01-08 17:32:51'),(241,'2015-05-06',NULL,'input',2921,1,30,'2016-01-08 17:32:51','2016-01-08 17:32:51'),(242,'2015-05-07',NULL,'input',3638,1,69,'2016-01-08 17:32:51','2016-01-08 17:32:51'),(243,'2015-05-07',NULL,'input',1725,1,43,'2016-01-08 17:32:51','2016-01-08 17:32:51'),(244,'2015-05-08',NULL,'input',3196,1,24,'2016-01-08 17:32:51','2016-01-08 17:32:51'),(245,'2015-05-05',NULL,'input',3563,1,19,'2016-01-08 17:32:51','2016-01-08 17:32:51'),(246,'2015-05-10',NULL,'input',3709,1,4,'2016-01-08 17:32:51','2016-01-08 17:32:51'),(247,'2015-05-10',NULL,'input',2198,1,16,'2016-01-08 17:32:51','2016-01-08 17:32:51'),(248,'2015-05-11',NULL,'input',3496,1,77,'2016-01-08 17:32:51','2016-01-08 17:32:51'),(249,'2015-05-11',NULL,'input',2226,1,11,'2016-01-08 17:32:51','2016-01-08 17:32:51'),(250,'2015-05-12',NULL,'input',3764,1,18,'2016-01-08 17:32:51','2016-01-08 17:32:51'),(251,'2015-05-12',NULL,'input',3443,1,67,'2016-01-08 17:32:51','2016-01-08 17:32:51'),(252,'2015-05-12',NULL,'input',3450,1,8,'2016-01-08 17:32:51','2016-01-08 17:32:51'),(253,'2015-05-14',NULL,'input',3216,1,29,'2016-01-08 17:32:51','2016-01-08 17:32:51'),(254,'2015-05-10',NULL,'input',3422,1,26,'2016-01-08 17:32:51','2016-01-08 17:32:51'),(255,'2015-05-07',NULL,'input',2782,1,57,'2016-01-08 17:32:51','2016-01-08 17:32:51'),(256,'2015-05-05',NULL,'input',3201,1,5,'2016-01-08 17:32:51','2016-01-08 17:32:51'),(257,'2015-05-06',NULL,'input',1758,1,15,'2016-01-08 17:32:51','2016-01-08 17:32:51'),(258,'2015-05-05',NULL,'input',1023,1,40,'2016-01-08 17:32:51','2016-01-08 17:32:51'),(259,'2015-05-06',NULL,'input',4019,1,39,'2016-01-08 17:32:51','2016-01-08 17:32:51'),(260,'2015-05-05',NULL,'input',2926,1,3,'2016-01-08 17:32:51','2016-01-08 17:32:51'),(261,'2015-05-06',NULL,'input',3572,1,42,'2016-01-08 17:32:51','2016-01-08 17:32:51'),(262,'2015-05-06',NULL,'input',1976,1,13,'2016-01-08 17:32:51','2016-01-08 17:32:51'),(263,'2015-05-05',NULL,'input',2234,1,12,'2016-01-08 17:32:51','2016-01-08 17:32:51'),(264,'2015-05-08',NULL,'input',3002,1,37,'2016-01-08 17:32:51','2016-01-08 17:32:51'),(265,'2015-05-05',NULL,'input',1619,1,17,'2016-01-08 17:32:51','2016-01-08 17:32:51'),(266,'2015-05-06',NULL,'input',3102,1,41,'2016-01-08 17:32:51','2016-01-08 17:32:51'),(267,'2015-05-05',NULL,'input',2462,1,46,'2016-01-08 17:32:51','2016-01-08 17:32:51'),(268,'2015-05-05',NULL,'input',3106,1,14,'2016-01-08 17:32:51','2016-01-08 17:32:51'),(269,'2015-05-05',NULL,'input',2938,1,49,'2016-01-08 17:32:51','2016-01-08 17:32:51'),(270,'2015-05-05',NULL,'input',1610,1,73,'2016-01-08 17:32:51','2016-01-08 17:32:51'),(271,'2015-05-05',NULL,'input',1876,1,70,'2016-01-08 17:32:51','2016-01-08 17:32:51'),(272,'2015-05-09',NULL,'input',2897,1,74,'2016-01-08 17:32:51','2016-01-08 17:32:51'),(273,'2015-05-07',NULL,'input',1721,1,71,'2016-01-08 17:32:51','2016-01-08 17:32:51'),(274,'2015-05-07',NULL,'input',3051,1,66,'2016-01-08 17:32:51','2016-01-08 17:32:51'),(275,'2015-05-07',NULL,'input',2643,1,21,'2016-01-08 17:32:51','2016-01-08 17:32:51'),(276,'2015-05-14',NULL,'input',2860,1,75,'2016-01-08 17:32:51','2016-01-08 17:32:51'),(277,'2015-05-16',NULL,'input',3846,1,6,'2016-01-08 17:32:51','2016-01-08 17:32:51'),(278,'2015-05-19',NULL,'input',5425,1,50,'2016-01-08 17:32:51','2016-01-08 17:32:51'),(279,'2015-05-19',NULL,'input',3005,1,9,'2016-01-08 17:32:51','2016-01-08 17:32:51'),(280,'2015-05-19',NULL,'input',2078,1,72,'2016-01-08 17:32:51','2016-01-08 17:32:51'),(281,'2015-05-20',NULL,'input',3250,1,65,'2016-01-08 17:32:51','2016-01-08 17:32:51'),(282,'2015-05-06',NULL,'input',3053,1,34,'2016-01-08 17:32:51','2016-01-08 17:32:51'),(283,'2015-05-14',NULL,'input',3563,1,23,'2016-01-08 17:32:51','2016-01-08 17:32:51'),(284,'2015-05-11',NULL,'input',2623,1,10,'2016-01-08 17:32:51','2016-01-08 17:32:51'),(285,'2015-05-08',NULL,'input',2201,1,76,'2016-01-08 17:32:51','2016-01-08 17:32:51'),(286,'2015-05-08',NULL,'input',4479,1,51,'2016-01-08 17:32:51','2016-01-08 17:32:51'),(287,'2015-05-07',NULL,'input',3655,1,47,'2016-01-08 17:32:51','2016-01-08 17:32:51'),(288,'2015-05-05',NULL,'input',4106,1,63,'2016-01-08 17:32:51','2016-01-08 17:32:51'),(289,'2015-05-27',NULL,'input',4054,1,68,'2016-01-08 17:32:51','2016-01-08 17:32:51'),(290,'2015-05-24',NULL,'input',2749,1,28,'2016-01-08 17:32:51','2016-01-08 17:32:51'),(291,'2015-05-05',NULL,'input',3988,1,45,'2016-01-08 17:32:51','2016-01-08 17:32:51'),(292,'2015-05-31',NULL,'input',3389,1,31,'2016-01-08 17:32:51','2016-01-08 17:32:51'),(293,'2015-05-31',NULL,'input',2890,1,60,'2016-01-08 17:32:51','2016-01-08 17:32:51'),(294,'2015-05-31',NULL,'input',2727,1,22,'2016-01-08 17:32:51','2016-01-08 17:32:51'),(514,'2011-10-01','2012-10-01','payment',200,1,26,'2016-01-08 17:35:07','2016-01-08 17:35:07'),(515,'2011-10-01','2012-10-01','payment',450,1,2,'2016-01-08 17:35:07','2016-01-08 17:35:07'),(516,'2011-10-01','2012-10-01','payment',350,1,27,'2016-01-08 17:35:07','2016-01-08 17:35:07'),(517,'2011-10-01','2012-10-01','payment',300,1,3,'2016-01-08 17:35:07','2016-01-08 17:35:07'),(518,'2011-10-01','2012-10-01','payment',200,1,28,'2016-01-08 17:35:07','2016-01-08 17:35:07'),(519,'2011-10-01','2012-10-01','payment',225,1,4,'2016-01-08 17:35:07','2016-01-08 17:35:07'),(520,'2011-10-01','2012-10-01','payment',250,1,29,'2016-01-08 17:35:07','2016-01-08 17:35:07'),(521,'2011-10-01','2012-10-01','payment',250,1,5,'2016-01-08 17:35:07','2016-01-08 17:35:07'),(522,'2011-10-01','2012-10-01','payment',350,1,30,'2016-01-08 17:35:07','2016-01-08 17:35:07'),(523,'2011-10-01','2012-10-01','payment',225,1,6,'2016-01-08 17:35:07','2016-01-08 17:35:07'),(524,'2011-10-01','2012-10-01','payment',212,1,31,'2016-01-08 17:35:07','2016-01-08 17:35:07'),(525,'2011-10-01','2012-10-01','payment',250,1,7,'2016-01-08 17:35:07','2016-01-08 17:35:07'),(526,'2011-10-01','2012-10-01','payment',201,1,32,'2016-01-08 17:35:07','2016-01-08 17:35:07'),(527,'2011-10-01','2012-10-01','payment',250,1,8,'2016-01-08 17:35:07','2016-01-08 17:35:07'),(528,'2011-10-01','2012-10-01','payment',275,1,33,'2016-01-08 17:35:07','2016-01-08 17:35:07'),(529,'2011-10-01','2012-10-01','payment',260,1,9,'2016-01-08 17:35:07','2016-01-08 17:35:07'),(530,'2011-10-01','2012-10-01','payment',200,1,45,'2016-01-08 17:35:07','2016-01-08 17:35:07'),(531,'2011-10-01','2012-10-01','payment',250,1,22,'2016-01-08 17:35:07','2016-01-08 17:35:07'),(532,'2011-10-01','2012-10-01','payment',210,1,44,'2016-01-08 17:35:07','2016-01-08 17:35:07'),(533,'2011-10-01','2012-10-01','payment',207,1,23,'2016-01-08 17:35:07','2016-01-08 17:35:07'),(534,'2011-10-01','2012-10-01','payment',250,1,34,'2016-01-08 17:35:07','2016-01-08 17:35:07'),(535,'2011-10-01','2012-10-01','payment',200,1,10,'2016-01-08 17:35:07','2016-01-08 17:35:07'),(536,'2011-10-01','2012-10-01','payment',375,1,35,'2016-01-08 17:35:07','2016-01-08 17:35:07'),(537,'2011-10-01','2012-10-01','payment',200,1,11,'2016-01-08 17:35:07','2016-01-08 17:35:07'),(538,'2011-10-01','2012-10-01','payment',250,1,36,'2016-01-08 17:35:07','2016-01-08 17:35:07'),(539,'2011-10-01','2012-10-01','payment',200,1,12,'2016-01-08 17:35:07','2016-01-08 17:35:07'),(540,'2011-10-01','2012-10-01','payment',200,1,37,'2016-01-08 17:35:07','2016-01-08 17:35:07'),(541,'2011-10-01','2012-10-01','payment',210,1,13,'2016-01-08 17:35:07','2016-01-08 17:35:07'),(542,'2011-10-01','2012-10-01','payment',200,1,38,'2016-01-08 17:35:07','2016-01-08 17:35:07'),(543,'2011-10-01','2012-10-01','payment',400,1,14,'2016-01-08 17:35:07','2016-01-08 17:35:07'),(544,'2011-10-01','2012-10-01','payment',191,1,39,'2016-01-08 17:35:07','2016-01-08 17:35:07'),(545,'2011-10-01','2012-10-01','payment',150,1,15,'2016-01-08 17:35:07','2016-01-08 17:35:07'),(546,'2011-10-01','2012-10-01','payment',134,1,40,'2016-01-08 17:35:07','2016-01-08 17:35:07'),(547,'2011-10-01','2012-10-01','payment',210,1,16,'2016-01-08 17:35:07','2016-01-08 17:35:07'),(548,'2011-10-01','2012-10-01','payment',173,1,41,'2016-01-08 17:35:07','2016-01-08 17:35:07'),(549,'2011-10-01','2012-10-01','payment',171,1,17,'2016-01-08 17:35:07','2016-01-08 17:35:07'),(550,'2011-10-01','2012-10-01','payment',275,1,42,'2016-01-08 17:35:07','2016-01-08 17:35:07'),(551,'2011-10-01','2012-10-01','payment',250,1,18,'2016-01-08 17:35:07','2016-01-08 17:35:07'),(552,'2011-10-01','2012-10-01','payment',151,1,43,'2016-01-08 17:35:07','2016-01-08 17:35:07'),(553,'2011-10-01','2012-10-01','payment',250,1,19,'2016-01-08 17:35:07','2016-01-08 17:35:07'),(554,'2011-10-01','2012-10-01','payment',250,1,20,'2016-01-08 17:35:07','2016-01-08 17:35:07'),(555,'2011-10-01','2012-10-01','payment',200,1,21,'2016-01-08 17:35:07','2016-01-08 17:35:07'),(556,'2011-10-01','2012-10-01','payment',250,1,24,'2016-01-08 17:35:07','2016-01-08 17:35:07'),(557,'2011-10-01','2012-10-01','payment',200,1,25,'2016-01-08 17:35:07','2016-01-08 17:35:07'),(558,'2011-10-01','2012-10-01','payment',175,1,73,'2016-01-08 17:35:07','2016-01-08 17:35:07'),(559,'2011-10-01','2012-10-01','payment',160,1,72,'2016-01-08 17:35:07','2016-01-08 17:35:07'),(560,'2011-10-01','2012-10-01','payment',170,1,57,'2016-01-08 17:35:07','2016-01-08 17:35:07'),(561,'2011-10-01','2012-10-01','payment',223,1,56,'2016-01-08 17:35:07','2016-01-08 17:35:07'),(562,'2011-10-01','2012-10-01','payment',153,1,71,'2016-01-08 17:35:07','2016-01-08 17:35:07'),(563,'2011-10-01','2012-10-01','payment',163,1,70,'2016-01-08 17:35:07','2016-01-08 17:35:07'),(564,'2011-10-01','2012-10-01','payment',260,1,55,'2016-01-08 17:35:07','2016-01-08 17:35:07'),(565,'2011-10-01','2012-10-01','payment',275,1,54,'2016-01-08 17:35:07','2016-01-08 17:35:07'),(566,'2011-10-01','2012-10-01','payment',275,1,53,'2016-01-08 17:35:07','2016-01-08 17:35:07'),(567,'2011-10-01','2012-10-01','payment',260,1,52,'2016-01-08 17:35:07','2016-01-08 17:35:07'),(568,'2011-10-01','2012-10-01','payment',500,1,51,'2016-01-08 17:35:07','2016-01-08 17:35:07'),(569,'2011-10-01','2012-10-01','payment',425,1,50,'2016-01-08 17:35:07','2016-01-08 17:35:07'),(570,'2011-10-01','2012-10-01','payment',250,1,49,'2016-01-08 17:35:07','2016-01-08 17:35:07'),(571,'2011-10-01','2012-10-01','payment',300,1,48,'2016-01-08 17:35:07','2016-01-08 17:35:07'),(572,'2011-10-01','2012-10-01','payment',300,1,69,'2016-01-08 17:35:07','2016-01-08 17:35:07'),(573,'2011-10-01','2012-10-01','payment',240,1,68,'2016-01-08 17:35:07','2016-01-08 17:35:07'),(574,'2011-10-01','2012-10-01','payment',193,1,47,'2016-01-08 17:35:07','2016-01-08 17:35:07'),(575,'2011-10-01','2012-10-01','payment',150,1,46,'2016-01-08 17:35:07','2016-01-08 17:35:07'),(576,'2011-10-01','2012-10-01','payment',225,1,67,'2016-01-08 17:35:07','2016-01-08 17:35:07'),(577,'2011-10-01','2012-10-01','payment',275,1,66,'2016-01-08 17:35:07','2016-01-08 17:35:07'),(578,'2011-10-01','2012-10-01','payment',200,1,77,'2016-01-08 17:35:07','2016-01-08 17:35:07'),(579,'2011-10-01','2012-10-01','payment',150,1,76,'2016-01-08 17:35:07','2016-01-08 17:35:07'),(580,'2011-10-01','2012-10-01','payment',225,1,65,'2016-01-08 17:35:07','2016-01-08 17:35:07'),(581,'2011-10-01','2012-10-01','payment',150,1,64,'2016-01-08 17:35:07','2016-01-08 17:35:07'),(582,'2011-10-01','2012-10-01','payment',200,1,75,'2016-01-08 17:35:07','2016-01-08 17:35:07'),(583,'2011-10-01','2012-10-01','payment',235,1,74,'2016-01-08 17:35:07','2016-01-08 17:35:07'),(584,'2011-10-01','2012-10-01','payment',275,1,63,'2016-01-08 17:35:07','2016-01-08 17:35:07'),(585,'2011-10-01','2012-10-01','payment',360,1,62,'2016-01-08 17:35:07','2016-01-08 17:35:07'),(586,'2011-10-01','2012-10-01','payment',275,1,61,'2016-01-08 17:35:07','2016-01-08 17:35:07'),(587,'2011-10-01','2012-10-01','payment',225,1,60,'2016-01-08 17:35:07','2016-01-08 17:35:07'),(588,'2011-10-01','2012-10-01','payment',285,1,59,'2016-01-08 17:35:07','2016-01-08 17:35:07'),(589,'2011-10-01','2012-10-01','payment',300,1,58,'2016-01-08 17:35:07','2016-01-08 17:35:07'),(590,'2012-10-01','0000-00-00','payment',200,1,26,'2016-01-08 17:35:07','2016-01-08 17:35:07'),(591,'2012-10-02','0000-00-00','payment',450,1,2,'2016-01-08 17:35:07','2016-01-08 17:35:07'),(592,'2012-10-03','0000-00-00','payment',350,1,27,'2016-01-08 17:35:07','2016-01-08 17:35:07'),(593,'2012-10-04','0000-00-00','payment',300,1,3,'2016-01-08 17:35:07','2016-01-08 17:35:07'),(594,'2012-10-05','0000-00-00','payment',200,1,28,'2016-01-08 17:35:07','2016-01-08 17:35:07'),(595,'2012-10-06','0000-00-00','payment',400,1,4,'2016-01-08 17:35:07','2016-01-08 17:35:07'),(596,'2012-10-07','0000-00-00','payment',250,1,29,'2016-01-08 17:35:07','2016-01-08 17:35:07'),(597,'2012-10-08','0000-00-00','payment',250,1,5,'2016-01-08 17:35:07','2016-01-08 17:35:07'),(598,'2012-10-09','0000-00-00','payment',350,1,30,'2016-01-08 17:35:07','2016-01-08 17:35:07'),(599,'2012-10-10','0000-00-00','payment',225,1,6,'2016-01-08 17:35:07','2016-01-08 17:35:07'),(600,'2012-10-11','0000-00-00','payment',250,1,31,'2016-01-08 17:35:07','2016-01-08 17:35:07'),(601,'2012-10-12','0000-00-00','payment',250,1,7,'2016-01-08 17:35:07','2016-01-08 17:35:07'),(602,'2012-10-13','0000-00-00','payment',325,1,32,'2016-01-08 17:35:07','2016-01-08 17:35:07'),(603,'2012-10-14','0000-00-00','payment',250,1,8,'2016-01-08 17:35:07','2016-01-08 17:35:07'),(604,'2012-10-15','0000-00-00','payment',275,1,33,'2016-01-08 17:35:07','2016-01-08 17:35:07'),(605,'2012-10-16','0000-00-00','payment',260,1,9,'2016-01-08 17:35:07','2016-01-08 17:35:07'),(606,'2012-10-17','0000-00-00','payment',250,1,45,'2016-01-08 17:35:07','2016-01-08 17:35:07'),(607,'2012-10-18','0000-00-00','payment',250,1,22,'2016-01-08 17:35:07','2016-01-08 17:35:07'),(608,'2012-10-19','0000-00-00','payment',350,1,44,'2016-01-08 17:35:07','2016-01-08 17:35:07'),(609,'2012-10-20','0000-00-00','payment',250,1,23,'2016-01-08 17:35:07','2016-01-08 17:35:07'),(610,'2012-10-21','0000-00-00','payment',250,1,34,'2016-01-08 17:35:07','2016-01-08 17:35:07'),(611,'2012-10-22','0000-00-00','payment',200,1,10,'2016-01-08 17:35:07','2016-01-08 17:35:07'),(612,'2012-10-23','0000-00-00','payment',400,1,35,'2016-01-08 17:35:07','2016-01-08 17:35:07'),(613,'2012-10-24','0000-00-00','payment',200,1,11,'2016-01-08 17:35:07','2016-01-08 17:35:07'),(614,'2012-10-25','0000-00-00','payment',350,1,36,'2016-01-08 17:35:07','2016-01-08 17:35:07'),(615,'2012-10-26','0000-00-00','payment',200,1,12,'2016-01-08 17:35:07','2016-01-08 17:35:07'),(616,'2012-10-27','0000-00-00','payment',250,1,37,'2016-01-08 17:35:07','2016-01-08 17:35:07'),(617,'2012-10-28','0000-00-00','payment',210,1,13,'2016-01-08 17:35:07','2016-01-08 17:35:07'),(618,'2012-10-29','0000-00-00','payment',250,1,38,'2016-01-08 17:35:07','2016-01-08 17:35:07'),(619,'2012-10-30','0000-00-00','payment',400,1,14,'2016-01-08 17:35:07','2016-01-08 17:35:07'),(620,'2012-10-31','0000-00-00','payment',191,1,39,'2016-01-08 17:35:07','2016-01-08 17:35:07'),(621,'2012-11-01','0000-00-00','payment',150,1,15,'2016-01-08 17:35:07','2016-01-08 17:35:07'),(622,'2012-11-02','0000-00-00','payment',134,1,40,'2016-01-08 17:35:07','2016-01-08 17:35:07'),(623,'2012-11-03','0000-00-00','payment',210,1,16,'2016-01-08 17:35:07','2016-01-08 17:35:07'),(624,'2012-11-04','0000-00-00','payment',225,1,41,'2016-01-08 17:35:07','2016-01-08 17:35:07'),(625,'2012-11-05','0000-00-00','payment',171,1,17,'2016-01-08 17:35:07','2016-01-08 17:35:07'),(626,'2012-11-06','0000-00-00','payment',275,1,42,'2016-01-08 17:35:07','2016-01-08 17:35:07'),(627,'2012-11-07','0000-00-00','payment',300,1,18,'2016-01-08 17:35:07','2016-01-08 17:35:07'),(628,'2012-11-09','0000-00-00','payment',200,1,43,'2016-01-08 17:35:07','2016-01-08 17:35:07'),(629,'2012-11-10','0000-00-00','payment',250,1,19,'2016-01-08 17:35:07','2016-01-08 17:35:07'),(630,'2012-11-11','0000-00-00','payment',250,1,20,'2016-01-08 17:35:07','2016-01-08 17:35:07'),(631,'2012-11-12','0000-00-00','payment',200,1,21,'2016-01-08 17:35:07','2016-01-08 17:35:07'),(632,'2012-11-13','0000-00-00','payment',250,1,24,'2016-01-08 17:35:07','2016-01-08 17:35:07'),(633,'2012-11-14','0000-00-00','payment',300,1,25,'2016-01-08 17:35:07','2016-01-08 17:35:07'),(634,'2012-11-15','0000-00-00','payment',175,1,73,'2016-01-08 17:35:07','2016-01-08 17:35:07'),(635,'2012-11-16','0000-00-00','payment',200,1,72,'2016-01-08 17:35:07','2016-01-08 17:35:07'),(636,'2012-11-17','0000-00-00','payment',200,1,57,'2016-01-08 17:35:07','2016-01-08 17:35:07'),(637,'2012-11-18','0000-00-00','payment',223,1,56,'2016-01-08 17:35:07','2016-01-08 17:35:07'),(638,'2012-11-19','0000-00-00','payment',153,1,71,'2016-01-08 17:35:07','2016-01-08 17:35:07'),(639,'2012-11-20','0000-00-00','payment',163,1,70,'2016-01-08 17:35:07','2016-01-08 17:35:07'),(640,'2012-10-01',NULL,'payment',300,1,54,'2016-01-08 17:35:07','2016-01-08 17:35:07'),(641,'2012-10-01',NULL,'payment',300,1,53,'2016-01-08 17:35:07','2016-01-08 17:35:07'),(642,'2012-10-01',NULL,'payment',500,1,50,'2016-01-08 17:35:07','2016-01-08 17:35:07'),(643,'2012-10-01',NULL,'payment',300,1,46,'2016-01-08 17:35:07','2016-01-08 17:35:07'),(644,'2012-10-01',NULL,'payment',250,1,77,'2016-01-08 17:35:07','2016-01-08 17:35:07'),(645,'2012-10-01',NULL,'payment',350,1,63,'2016-01-08 17:35:07','2016-01-08 17:35:07'),(646,'2012-10-01',NULL,'payment',400,1,61,'2016-01-08 17:35:07','2016-01-08 17:35:07'),(647,'2012-10-01',NULL,'payment',300,1,60,'2016-01-08 17:35:07','2016-01-08 17:35:07'),(1534,'2013-05-31',NULL,'debt',2737,1,2,'2016-01-08 17:48:09','2016-01-08 17:48:09'),(1535,'2013-05-31',NULL,'debt',1938,1,3,'2016-01-08 17:48:09','2016-01-08 17:48:09'),(1536,'2013-05-31',NULL,'debt',505,1,4,'2016-01-08 17:48:09','2016-01-08 17:48:09'),(1537,'2013-05-31',NULL,'debt',795,1,5,'2016-01-08 17:48:09','2016-01-08 17:48:09'),(1538,'2013-05-31',NULL,'debt',281,1,6,'2016-01-08 17:48:09','2016-01-08 17:48:09'),(1539,'2013-05-31',NULL,'debt',166,1,7,'2016-01-08 17:48:09','2016-01-08 17:48:09'),(1540,'2013-05-31',NULL,'debt',94,1,8,'2016-01-08 17:48:09','2016-01-08 17:48:09'),(1541,'2013-05-31',NULL,'debt',1001,1,9,'2016-01-08 17:48:09','2016-01-08 17:48:09'),(1542,'2013-05-31',NULL,'debt',0,1,10,'2016-01-08 17:48:09','2016-01-08 17:48:09'),(1543,'2013-05-31',NULL,'debt',410,1,11,'2016-01-08 17:48:09','2016-01-08 17:48:09'),(1544,'2013-05-31',NULL,'debt',295,1,12,'2016-01-08 17:48:09','2016-01-08 17:48:09'),(1545,'2013-05-31',NULL,'debt',0,1,13,'2016-01-08 17:48:09','2016-01-08 17:48:09'),(1546,'2013-05-31',NULL,'debt',2338,1,14,'2016-01-08 17:48:09','2016-01-08 17:48:09'),(1547,'2013-05-31',NULL,'debt',38,1,15,'2016-01-08 17:48:09','2016-01-08 17:48:09'),(1548,'2013-05-31',NULL,'debt',172,1,16,'2016-01-08 17:48:09','2016-01-08 17:48:09'),(1549,'2013-05-31',NULL,'debt',348,1,17,'2016-01-08 17:48:09','2016-01-08 17:48:09'),(1550,'2013-05-31',NULL,'debt',-785,1,18,'2016-01-08 17:48:09','2016-01-08 17:48:09'),(1551,'2013-05-31',NULL,'debt',209,1,19,'2016-01-08 17:48:09','2016-01-08 17:48:09'),(1552,'2013-05-31',NULL,'debt',137,1,20,'2016-01-08 17:48:09','2016-01-08 17:48:09'),(1553,'2013-05-31',NULL,'debt',66,1,21,'2016-01-08 17:48:09','2016-01-08 17:48:09'),(1554,'2013-05-31',NULL,'debt',423,1,22,'2016-01-08 17:48:09','2016-01-08 17:48:09'),(1555,'2013-05-31',NULL,'debt',-206,1,23,'2016-01-08 17:48:09','2016-01-08 17:48:09'),(1556,'2013-05-31',NULL,'debt',-1229,1,24,'2016-01-08 17:48:09','2016-01-08 17:48:09'),(1557,'2013-05-31',NULL,'debt',0,1,25,'2016-01-08 17:48:09','2016-01-08 17:48:09'),(1558,'2013-05-31',NULL,'debt',-62,1,26,'2016-01-08 17:48:09','2016-01-08 17:48:09'),(1559,'2013-05-31',NULL,'debt',79,1,27,'2016-01-08 17:48:09','2016-01-08 17:48:09'),(1560,'2013-05-31',NULL,'debt',452,1,28,'2016-01-08 17:48:09','2016-01-08 17:48:09'),(1561,'2013-05-31',NULL,'debt',323,1,29,'2016-01-08 17:48:09','2016-01-08 17:48:09'),(1562,'2013-05-31',NULL,'debt',1280,1,30,'2016-01-08 17:48:09','2016-01-08 17:48:09'),(1563,'2013-05-31',NULL,'debt',-367,1,31,'2016-01-08 17:48:09','2016-01-08 17:48:09'),(1564,'2013-05-31',NULL,'debt',961,1,32,'2016-01-08 17:48:09','2016-01-08 17:48:09'),(1565,'2013-05-31',NULL,'debt',-235,1,33,'2016-01-08 17:48:09','2016-01-08 17:48:09'),(1566,'2013-05-31',NULL,'debt',638,1,34,'2016-01-08 17:48:09','2016-01-08 17:48:09'),(1567,'2013-05-31',NULL,'debt',53,1,35,'2016-01-08 17:48:09','2016-01-08 17:48:09'),(1568,'2013-05-31',NULL,'debt',0,1,36,'2016-01-08 17:48:09','2016-01-08 17:48:09'),(1569,'2013-05-31',NULL,'debt',0,1,37,'2016-01-08 17:48:09','2016-01-08 17:48:09'),(1570,'2013-05-31',NULL,'debt',-413,1,38,'2016-01-08 17:48:09','2016-01-08 17:48:09'),(1571,'2013-05-31',NULL,'debt',831,1,39,'2016-01-08 17:48:09','2016-01-08 17:48:09'),(1572,'2013-05-31',NULL,'debt',118,1,40,'2016-01-08 17:48:09','2016-01-08 17:48:09'),(1573,'2013-05-31',NULL,'debt',-251,1,41,'2016-01-08 17:48:09','2016-01-08 17:48:09'),(1574,'2013-05-31',NULL,'debt',909,1,42,'2016-01-08 17:48:09','2016-01-08 17:48:09'),(1575,'2013-05-31',NULL,'debt',-422,1,43,'2016-01-08 17:48:09','2016-01-08 17:48:09'),(1576,'2013-05-31',NULL,'debt',451,1,44,'2016-01-08 17:48:09','2016-01-08 17:48:09'),(1577,'2013-05-31',NULL,'debt',0,1,45,'2016-01-08 17:48:09','2016-01-08 17:48:09'),(1578,'2013-05-31',NULL,'debt',173,1,46,'2016-01-08 17:48:09','2016-01-08 17:48:09'),(1579,'2013-05-31',NULL,'debt',-1848,1,47,'2016-01-08 17:48:09','2016-01-08 17:48:09'),(1580,'2013-05-31',NULL,'debt',-677,1,48,'2016-01-08 17:48:09','2016-01-08 17:48:09'),(1581,'2013-05-31',NULL,'debt',0,1,49,'2016-01-08 17:48:09','2016-01-08 17:48:09'),(1582,'2013-05-31',NULL,'debt',-512,1,50,'2016-01-08 17:48:09','2016-01-08 17:48:09'),(1583,'2013-05-31',NULL,'debt',2379,1,51,'2016-01-08 17:48:09','2016-01-08 17:48:09'),(1584,'2013-05-31',NULL,'debt',0,1,52,'2016-01-08 17:48:09','2016-01-08 17:48:09'),(1585,'2013-05-31',NULL,'debt',140,1,53,'2016-01-08 17:48:09','2016-01-08 17:48:09'),(1586,'2013-05-31',NULL,'debt',584,1,54,'2016-01-08 17:48:09','2016-01-08 17:48:09'),(1587,'2013-05-31',NULL,'debt',-272,1,55,'2016-01-08 17:48:09','2016-01-08 17:48:09'),(1588,'2013-05-31',NULL,'debt',28,1,56,'2016-01-08 17:48:09','2016-01-08 17:48:09'),(1589,'2013-05-31',NULL,'debt',-227,1,57,'2016-01-08 17:48:09','2016-01-08 17:48:09'),(1590,'2013-05-31',NULL,'debt',2067,1,58,'2016-01-08 17:48:09','2016-01-08 17:48:09'),(1591,'2013-05-31',NULL,'debt',314,1,59,'2016-01-08 17:48:09','2016-01-08 17:48:09'),(1592,'2013-05-31',NULL,'debt',-281,1,60,'2016-01-08 17:48:09','2016-01-08 17:48:09'),(1593,'2013-05-31',NULL,'debt',1083,1,61,'2016-01-08 17:48:09','2016-01-08 17:48:09'),(1594,'2013-05-31',NULL,'debt',1114,1,62,'2016-01-08 17:48:09','2016-01-08 17:48:09'),(1595,'2013-05-31',NULL,'debt',233,1,63,'2016-01-08 17:48:09','2016-01-08 17:48:09'),(1596,'2013-05-31',NULL,'debt',0,1,64,'2016-01-08 17:48:09','2016-01-08 17:48:09'),(1597,'2013-05-31',NULL,'debt',-234,1,65,'2016-01-08 17:48:09','2016-01-08 17:48:09'),(1598,'2013-05-31',NULL,'debt',-6,1,66,'2016-01-08 17:48:09','2016-01-08 17:48:09'),(1599,'2013-05-31',NULL,'debt',138,1,67,'2016-01-08 17:48:09','2016-01-08 17:48:09'),(1600,'2013-05-31',NULL,'debt',446,1,68,'2016-01-08 17:48:09','2016-01-08 17:48:09'),(1601,'2013-05-31',NULL,'debt',1195,1,69,'2016-01-08 17:48:09','2016-01-08 17:48:09'),(1602,'2013-05-31',NULL,'debt',94,1,70,'2016-01-08 17:48:09','2016-01-08 17:48:09'),(1603,'2013-05-31',NULL,'debt',246,1,71,'2016-01-08 17:48:09','2016-01-08 17:48:09'),(1604,'2013-05-31',NULL,'debt',0,1,72,'2016-01-08 17:48:09','2016-01-08 17:48:09'),(1605,'2013-05-31',NULL,'debt',238,1,73,'2016-01-08 17:48:09','2016-01-08 17:48:09'),(1606,'2013-05-31',NULL,'debt',300,1,74,'2016-01-08 17:48:09','2016-01-08 17:48:09'),(1607,'2013-05-31',NULL,'debt',-241,1,75,'2016-01-08 17:48:09','2016-01-08 17:48:09'),(1608,'2013-05-31',NULL,'debt',-148,1,76,'2016-01-08 17:48:09','2016-01-08 17:48:09'),(1609,'2013-05-31',NULL,'debt',-170,1,77,'2016-01-08 17:48:09','2016-01-08 17:48:09'),(1610,'2014-05-31',NULL,'debt',2998,1,2,'2016-01-08 17:48:09','2016-01-08 17:48:09'),(1611,'2014-05-31',NULL,'debt',1842,1,3,'2016-01-08 17:48:09','2016-01-08 17:48:09'),(1612,'2014-05-31',NULL,'debt',1297,1,4,'2016-01-08 17:48:09','2016-01-08 17:48:09'),(1613,'2014-05-31',NULL,'debt',842,1,5,'2016-01-08 17:48:09','2016-01-08 17:48:09'),(1614,'2014-05-31',NULL,'debt',341,1,6,'2016-01-08 17:48:09','2016-01-08 17:48:09'),(1615,'2014-05-31',NULL,'debt',241,1,7,'2016-01-08 17:48:09','2016-01-08 17:48:09'),(1616,'2014-05-31',NULL,'debt',-174,1,8,'2016-01-08 17:48:09','2016-01-08 17:48:09'),(1617,'2014-05-31',NULL,'debt',0,1,9,'2016-01-08 17:48:09','2016-01-08 17:48:09'),(1618,'2014-05-31',NULL,'debt',1894,1,10,'2016-01-08 17:48:09','2016-01-08 17:48:09'),(1619,'2014-05-31',NULL,'debt',270,1,11,'2016-01-08 17:48:09','2016-01-08 17:48:09'),(1620,'2014-05-31',NULL,'debt',628,1,12,'2016-01-08 17:48:09','2016-01-08 17:48:09'),(1621,'2014-05-31',NULL,'debt',1941,1,13,'2016-01-08 17:48:09','2016-01-08 17:48:09'),(1622,'2014-05-31',NULL,'debt',1998,1,14,'2016-01-08 17:48:09','2016-01-08 17:48:09'),(1623,'2014-05-31',NULL,'debt',42,1,15,'2016-01-08 17:48:09','2016-01-08 17:48:09'),(1624,'2014-05-31',NULL,'debt',118,1,16,'2016-01-08 17:48:09','2016-01-08 17:48:09'),(1625,'2014-05-31',NULL,'debt',280,1,17,'2016-01-08 17:48:09','2016-01-08 17:48:09'),(1626,'2014-05-31',NULL,'debt',-289,1,18,'2016-01-08 17:48:09','2016-01-08 17:48:09'),(1627,'2014-05-31',NULL,'debt',441,1,19,'2016-01-08 17:48:09','2016-01-08 17:48:09'),(1628,'2014-05-31',NULL,'debt',-45,1,20,'2016-01-08 17:48:09','2016-01-08 17:48:09'),(1629,'2014-05-31',NULL,'debt',0,1,21,'2016-01-08 17:48:09','2016-01-08 17:48:09'),(1630,'2014-05-31',NULL,'debt',-45,1,22,'2016-01-08 17:48:09','2016-01-08 17:48:09'),(1631,'2014-05-31',NULL,'debt',-59,1,23,'2016-01-08 17:48:09','2016-01-08 17:48:09'),(1632,'2014-05-31',NULL,'debt',2715,1,24,'2016-01-08 17:48:09','2016-01-08 17:48:09'),(1633,'2014-05-31',NULL,'debt',684,1,25,'2016-01-08 17:48:09','2016-01-08 17:48:09'),(1634,'2014-05-31',NULL,'debt',-73,1,26,'2016-01-08 17:48:09','2016-01-08 17:48:09'),(1635,'2014-05-31',NULL,'debt',-18,1,27,'2016-01-08 17:48:09','2016-01-08 17:48:09'),(1636,'2014-05-31',NULL,'debt',470,1,28,'2016-01-08 17:48:09','2016-01-08 17:48:09'),(1637,'2014-05-31',NULL,'debt',441,1,29,'2016-01-08 17:48:09','2016-01-08 17:48:09'),(1638,'2014-05-31',NULL,'debt',1369,1,30,'2016-01-08 17:48:09','2016-01-08 17:48:09'),(1639,'2014-05-31',NULL,'debt',413,1,31,'2016-01-08 17:48:09','2016-01-08 17:48:09'),(1640,'2014-05-31',NULL,'debt',0,1,32,'2016-01-08 17:48:09','2016-01-08 17:48:09'),(1641,'2014-05-31',NULL,'debt',355,1,33,'2016-01-08 17:48:09','2016-01-08 17:48:09'),(1642,'2014-05-31',NULL,'debt',0,1,34,'2016-01-08 17:48:09','2016-01-08 17:48:09'),(1643,'2014-05-31',NULL,'debt',153,1,35,'2016-01-08 17:48:09','2016-01-08 17:48:09'),(1644,'2014-05-31',NULL,'debt',0,1,36,'2016-01-08 17:48:09','2016-01-08 17:48:09'),(1645,'2014-05-31',NULL,'debt',73,1,37,'2016-01-08 17:48:09','2016-01-08 17:48:09'),(1646,'2014-05-31',NULL,'debt',-488,1,38,'2016-01-08 17:48:09','2016-01-08 17:48:09'),(1647,'2014-05-31',NULL,'debt',720,1,39,'2016-01-08 17:48:09','2016-01-08 17:48:09'),(1648,'2014-05-31',NULL,'debt',36,1,40,'2016-01-08 17:48:09','2016-01-08 17:48:09'),(1649,'2014-05-31',NULL,'debt',0,1,41,'2016-01-08 17:48:09','2016-01-08 17:48:09'),(1650,'2014-05-31',NULL,'debt',1127,1,42,'2016-01-08 17:48:09','2016-01-08 17:48:09'),(1651,'2014-05-31',NULL,'debt',-202,1,43,'2016-01-08 17:48:09','2016-01-08 17:48:09'),(1652,'2014-05-31',NULL,'debt',1441,1,44,'2016-01-08 17:48:09','2016-01-08 17:48:09'),(1653,'2014-05-31',NULL,'debt',530,1,45,'2016-01-08 17:48:09','2016-01-08 17:48:09'),(1654,'2014-05-31',NULL,'debt',412,1,46,'2016-01-08 17:48:09','2016-01-08 17:48:09'),(1655,'2014-05-31',NULL,'debt',-2159,1,47,'2016-01-08 17:48:09','2016-01-08 17:48:09'),(1656,'2014-05-31',NULL,'debt',0,1,48,'2016-01-08 17:48:09','2016-01-08 17:48:09'),(1657,'2014-05-31',NULL,'debt',1027,1,49,'2016-01-08 17:48:09','2016-01-08 17:48:09'),(1658,'2014-05-31',NULL,'debt',-148,1,50,'2016-01-08 17:48:09','2016-01-08 17:48:09'),(1659,'2014-05-31',NULL,'debt',1725,1,51,'2016-01-08 17:48:09','2016-01-08 17:48:09'),(1660,'2014-05-31',NULL,'debt',0,1,52,'2016-01-08 17:48:09','2016-01-08 17:48:09'),(1661,'2014-05-31',NULL,'debt',-46,1,53,'2016-01-08 17:48:09','2016-01-08 17:48:09'),(1662,'2014-05-31',NULL,'debt',526,1,54,'2016-01-08 17:48:09','2016-01-08 17:48:09'),(1663,'2014-05-31',NULL,'debt',-454,1,55,'2016-01-08 17:48:09','2016-01-08 17:48:09'),(1664,'2014-05-31',NULL,'debt',-54,1,56,'2016-01-08 17:48:09','2016-01-08 17:48:09'),(1665,'2014-05-31',NULL,'debt',-187,1,57,'2016-01-08 17:48:09','2016-01-08 17:48:09'),(1666,'2014-05-31',NULL,'debt',2028,1,58,'2016-01-08 17:48:09','2016-01-08 17:48:09'),(1667,'2014-05-31',NULL,'debt',0,1,59,'2016-01-08 17:48:09','2016-01-08 17:48:09'),(1668,'2014-05-31',NULL,'debt',526,1,60,'2016-01-08 17:48:09','2016-01-08 17:48:09'),(1669,'2014-05-31',NULL,'debt',1483,1,61,'2016-01-08 17:48:09','2016-01-08 17:48:09'),(1670,'2014-05-31',NULL,'debt',846,1,62,'2016-01-08 17:48:09','2016-01-08 17:48:09'),(1671,'2014-05-31',NULL,'debt',411,1,63,'2016-01-08 17:48:09','2016-01-08 17:48:09'),(1672,'2014-05-31',NULL,'debt',-138,1,64,'2016-01-08 17:48:09','2016-01-08 17:48:09'),(1673,'2014-05-31',NULL,'debt',-617,1,65,'2016-01-08 17:48:09','2016-01-08 17:48:09'),(1674,'2014-05-31',NULL,'debt',-446,1,66,'2016-01-08 17:48:09','2016-01-08 17:48:09'),(1675,'2014-05-31',NULL,'debt',0,1,67,'2016-01-08 17:48:09','2016-01-08 17:48:09'),(1676,'2014-05-31',NULL,'debt',235,1,68,'2016-01-08 17:48:09','2016-01-08 17:48:09'),(1677,'2014-05-31',NULL,'debt',1098,1,69,'2016-01-08 17:48:09','2016-01-08 17:48:09'),(1678,'2014-05-31',NULL,'debt',212,1,70,'2016-01-08 17:48:09','2016-01-08 17:48:09'),(1679,'2014-05-31',NULL,'debt',207,1,71,'2016-01-08 17:48:09','2016-01-08 17:48:09'),(1680,'2014-05-31',NULL,'debt',-704,1,72,'2016-01-08 17:48:09','2016-01-08 17:48:09'),(1681,'2014-05-31',NULL,'debt',199,1,73,'2016-01-08 17:48:09','2016-01-08 17:48:09'),(1682,'2014-05-31',NULL,'debt',247,1,74,'2016-01-08 17:48:09','2016-01-08 17:48:09'),(1683,'2014-05-31',NULL,'debt',-317,1,75,'2016-01-08 17:48:09','2016-01-08 17:48:09'),(1684,'2014-05-31',NULL,'debt',-158,1,76,'2016-01-08 17:48:09','2016-01-08 17:48:09'),(1685,'2014-05-31',NULL,'debt',-59,1,77,'2016-01-08 17:48:09','2016-01-08 17:48:09'),(1767,'2016-01-01','2016-01-01','payment',6550,2,22,'2016-01-30 17:31:26','2016-01-30 17:31:26');
/*!40000 ALTER TABLE `fee_transactions` ENABLE KEYS */;
UNLOCK TABLES;

--
-- Table structure for table `fees`
--

DROP TABLE IF EXISTS `fees`;
/*!40101 SET @saved_cs_client     = @@character_set_client */;
/*!40101 SET character_set_client = utf8 */;
CREATE TABLE `fees` (
  `id` int(11) NOT NULL AUTO_INCREMENT,
  `name` text COLLATE utf8_unicode_ci,
  `fee_type` int(11) DEFAULT NULL,
  `currency` varchar(255) COLLATE utf8_unicode_ci DEFAULT NULL,
  `unit` varchar(255) COLLATE utf8_unicode_ci DEFAULT NULL,
  `community_id` int(11) DEFAULT NULL,
  `created_at` datetime NOT NULL,
  `updated_at` datetime NOT NULL,
  `payment_interval` varchar(255) COLLATE utf8_unicode_ci DEFAULT NULL,
  PRIMARY KEY (`id`),
  KEY `index_fees_on_community_id` (`community_id`),
  CONSTRAINT `fk_rails_b32613f20b` FOREIGN KEY (`community_id`) REFERENCES `communities` (`id`)
) ENGINE=InnoDB AUTO_INCREMENT=3 DEFAULT CHARSET=utf8 COLLATE=utf8_unicode_ci;
/*!40101 SET character_set_client = @saved_cs_client */;

--
-- Dumping data for table `fees`
--

LOCK TABLES `fees` WRITE;
/*!40000 ALTER TABLE `fees` DISABLE KEYS */;
INSERT INTO `fees` VALUES (1,'Vattenavgift',1,'kr','kbm',1,'2015-11-09 16:38:58','2016-01-30 17:28:19','monthly'),(2,'Månadsavgift',0,'kr','-',1,'2016-01-30 17:15:07','2016-01-30 17:28:39','monthly');
/*!40000 ALTER TABLE `fees` ENABLE KEYS */;
UNLOCK TABLES;

--
-- Table structure for table `schema_migrations`
--

DROP TABLE IF EXISTS `schema_migrations`;
/*!40101 SET @saved_cs_client     = @@character_set_client */;
/*!40101 SET character_set_client = utf8 */;
CREATE TABLE `schema_migrations` (
  `version` varchar(255) COLLATE utf8_unicode_ci NOT NULL,
  UNIQUE KEY `unique_schema_migrations` (`version`)
) ENGINE=InnoDB DEFAULT CHARSET=utf8 COLLATE=utf8_unicode_ci;
/*!40101 SET character_set_client = @saved_cs_client */;

--
-- Dumping data for table `schema_migrations`
--

LOCK TABLES `schema_migrations` WRITE;
/*!40000 ALTER TABLE `schema_migrations` DISABLE KEYS */;
INSERT INTO `schema_migrations` VALUES ('20151109162510'),('20151109162956'),('20151109163117'),('20151109163329'),('20151109163434'),('20151109163545'),('20160108134234'),('20160108185903'),('20160108200808'),('20160125202016'),('20160130171944'),('20160130172702'),('20160130195907');
/*!40000 ALTER TABLE `schema_migrations` ENABLE KEYS */;
UNLOCK TABLES;

--
-- Table structure for table `users`
--

DROP TABLE IF EXISTS `users`;
/*!40101 SET @saved_cs_client     = @@character_set_client */;
/*!40101 SET character_set_client = utf8 */;
CREATE TABLE `users` (
  `id` int(11) NOT NULL AUTO_INCREMENT,
  `email` varchar(255) COLLATE utf8_unicode_ci NOT NULL DEFAULT '',
  `encrypted_password` varchar(255) COLLATE utf8_unicode_ci NOT NULL DEFAULT '',
  `reset_password_token` varchar(255) COLLATE utf8_unicode_ci DEFAULT NULL,
  `reset_password_sent_at` datetime DEFAULT NULL,
  `remember_created_at` datetime DEFAULT NULL,
  `sign_in_count` int(11) NOT NULL DEFAULT '0',
  `current_sign_in_at` datetime DEFAULT NULL,
  `last_sign_in_at` datetime DEFAULT NULL,
  `current_sign_in_ip` varchar(255) COLLATE utf8_unicode_ci DEFAULT NULL,
  `last_sign_in_ip` varchar(255) COLLATE utf8_unicode_ci DEFAULT NULL,
  `first_name` varchar(255) COLLATE utf8_unicode_ci DEFAULT NULL,
  `last_name` varchar(255) COLLATE utf8_unicode_ci DEFAULT NULL,
  `user_type` varchar(255) COLLATE utf8_unicode_ci DEFAULT '0',
  `apartment_id` int(11) DEFAULT NULL,
  `created_at` datetime NOT NULL,
  `updated_at` datetime NOT NULL,
  `phone` varchar(255) COLLATE utf8_unicode_ci DEFAULT NULL,
  `mobile` varchar(255) COLLATE utf8_unicode_ci DEFAULT NULL,
  PRIMARY KEY (`id`),
  UNIQUE KEY `index_users_on_email` (`email`),
  UNIQUE KEY `index_users_on_reset_password_token` (`reset_password_token`)
) ENGINE=InnoDB AUTO_INCREMENT=80 DEFAULT CHARSET=utf8 COLLATE=utf8_unicode_ci;
/*!40101 SET character_set_client = @saved_cs_client */;

--
-- Dumping data for table `users`
--

LOCK TABLES `users` WRITE;
/*!40000 ALTER TABLE `users` DISABLE KEYS */;
INSERT INTO `users` VALUES (1,'markus@celit.se','$2a$10$TdUZnCgIFgDz2DjLbYs4KumQblQZtEmyxH/aJvBHgv0LqtesTVMua',NULL,NULL,NULL,8,'2016-01-30 22:41:27','2016-01-30 19:09:42','127.0.0.1','127.0.0.1','Markus','Svensson','administrator',22,'2016-01-08 13:15:56','2016-01-30 22:41:27',NULL,NULL),(2,'g2@tronningeang.se','$2a$10$qVmIwe6L0Dd5fsqIebCV1eBwI51vUIGE9EONJNY5OBvia.911ZHxK',NULL,NULL,NULL,1,'2016-01-30 19:05:59','2016-01-30 19:05:59','127.0.0.1','127.0.0.1','','',NULL,2,'2016-01-08 17:24:45','2016-01-30 21:28:50','',''),(3,'G4','',NULL,NULL,NULL,0,NULL,NULL,NULL,NULL,NULL,NULL,NULL,2,'2016-01-08 17:24:45','2016-01-08 17:24:45',NULL,NULL),(4,'G6','',NULL,NULL,NULL,0,NULL,NULL,NULL,NULL,NULL,NULL,NULL,3,'2016-01-08 17:24:45','2016-01-08 17:24:45',NULL,NULL),(5,'G8','',NULL,NULL,NULL,0,NULL,NULL,NULL,NULL,NULL,NULL,NULL,4,'2016-01-08 17:24:45','2016-01-08 17:24:45',NULL,NULL),(6,'G10','',NULL,NULL,NULL,0,NULL,NULL,NULL,NULL,NULL,NULL,NULL,5,'2016-01-08 17:24:45','2016-01-08 17:24:45',NULL,NULL),(7,'G12','',NULL,NULL,NULL,0,NULL,NULL,NULL,NULL,NULL,NULL,NULL,6,'2016-01-08 17:24:45','2016-01-08 17:24:45',NULL,NULL),(8,'G14','',NULL,NULL,NULL,0,NULL,NULL,NULL,NULL,NULL,NULL,NULL,7,'2016-01-08 17:24:45','2016-01-08 17:24:45',NULL,NULL),(9,'G16','',NULL,NULL,NULL,0,NULL,NULL,NULL,NULL,NULL,NULL,NULL,8,'2016-01-08 17:24:45','2016-01-08 17:24:45',NULL,NULL),(10,'G22','',NULL,NULL,NULL,0,NULL,NULL,NULL,NULL,NULL,NULL,NULL,9,'2016-01-08 17:24:45','2016-01-08 17:24:45',NULL,NULL),(11,'G24','',NULL,NULL,NULL,0,NULL,NULL,NULL,NULL,NULL,NULL,NULL,10,'2016-01-08 17:24:45','2016-01-08 17:24:45',NULL,NULL),(12,'G26','',NULL,NULL,NULL,0,NULL,NULL,NULL,NULL,NULL,NULL,NULL,11,'2016-01-08 17:24:45','2016-01-08 17:24:45',NULL,NULL),(13,'G28','',NULL,NULL,NULL,0,NULL,NULL,NULL,NULL,NULL,NULL,NULL,12,'2016-01-08 17:24:45','2016-01-08 17:24:45',NULL,NULL),(14,'G30','',NULL,NULL,NULL,0,NULL,NULL,NULL,NULL,NULL,NULL,NULL,13,'2016-01-08 17:24:45','2016-01-08 17:24:45',NULL,NULL),(15,'G32','',NULL,NULL,NULL,0,NULL,NULL,NULL,NULL,NULL,NULL,NULL,14,'2016-01-08 17:24:45','2016-01-08 17:24:45',NULL,NULL),(16,'G34','',NULL,NULL,NULL,0,NULL,NULL,NULL,NULL,NULL,NULL,NULL,15,'2016-01-08 17:24:45','2016-01-08 17:24:45',NULL,NULL),(17,'G36','',NULL,NULL,NULL,0,NULL,NULL,NULL,NULL,NULL,NULL,NULL,16,'2016-01-08 17:24:45','2016-01-08 17:24:45',NULL,NULL),(18,'G38','',NULL,NULL,NULL,0,NULL,NULL,NULL,NULL,NULL,NULL,NULL,17,'2016-01-08 17:24:45','2016-01-08 17:24:45',NULL,NULL),(19,'G40','',NULL,NULL,NULL,0,NULL,NULL,NULL,NULL,NULL,NULL,NULL,18,'2016-01-08 17:24:45','2016-01-08 17:24:45',NULL,NULL),(20,'G42','',NULL,NULL,NULL,0,NULL,NULL,NULL,NULL,NULL,NULL,NULL,19,'2016-01-08 17:24:45','2016-01-08 17:24:45',NULL,NULL),(21,'G44','',NULL,NULL,NULL,0,NULL,NULL,NULL,NULL,NULL,NULL,NULL,20,'2016-01-08 17:24:45','2016-01-08 17:24:45',NULL,NULL),(22,'G18','',NULL,NULL,NULL,0,NULL,NULL,NULL,NULL,NULL,NULL,NULL,21,'2016-01-08 17:24:45','2016-01-08 17:24:45',NULL,NULL),(23,'G20','',NULL,NULL,NULL,0,NULL,NULL,NULL,NULL,NULL,NULL,NULL,22,'2016-01-08 17:24:45','2016-01-08 17:24:45',NULL,NULL),(24,'G46','',NULL,NULL,NULL,0,NULL,NULL,NULL,NULL,NULL,NULL,NULL,25,'2016-01-08 17:24:45','2016-01-08 17:24:45',NULL,NULL),(25,'G48','',NULL,NULL,NULL,0,NULL,NULL,NULL,NULL,NULL,NULL,NULL,26,'2016-01-08 17:24:45','2016-01-08 17:24:45',NULL,NULL),(26,'G1','',NULL,NULL,NULL,0,NULL,NULL,NULL,NULL,NULL,NULL,NULL,27,'2016-01-08 17:24:45','2016-01-08 17:24:45',NULL,NULL),(27,'G3','',NULL,NULL,NULL,0,NULL,NULL,NULL,NULL,NULL,NULL,NULL,28,'2016-01-08 17:24:45','2016-01-08 17:24:45',NULL,NULL),(28,'G5','',NULL,NULL,NULL,0,NULL,NULL,NULL,NULL,NULL,NULL,NULL,29,'2016-01-08 17:24:45','2016-01-08 17:24:45',NULL,NULL),(29,'G7','',NULL,NULL,NULL,0,NULL,NULL,NULL,NULL,NULL,NULL,NULL,30,'2016-01-08 17:24:45','2016-01-08 17:24:45',NULL,NULL),(30,'G9','',NULL,NULL,NULL,0,NULL,NULL,NULL,NULL,NULL,NULL,NULL,31,'2016-01-08 17:24:45','2016-01-08 17:24:45',NULL,NULL),(31,'G11','',NULL,NULL,NULL,0,NULL,NULL,NULL,NULL,NULL,NULL,NULL,32,'2016-01-08 17:24:45','2016-01-08 17:24:45',NULL,NULL),(32,'G13','',NULL,NULL,NULL,0,NULL,NULL,NULL,NULL,NULL,NULL,NULL,33,'2016-01-08 17:24:45','2016-01-08 17:24:45',NULL,NULL),(33,'G15','',NULL,NULL,NULL,0,NULL,NULL,NULL,NULL,NULL,NULL,NULL,34,'2016-01-08 17:24:45','2016-01-08 17:24:45',NULL,NULL),(34,'G21','',NULL,NULL,NULL,0,NULL,NULL,NULL,NULL,NULL,NULL,NULL,35,'2016-01-08 17:24:45','2016-01-08 17:24:45',NULL,NULL),(35,'G23','',NULL,NULL,NULL,0,NULL,NULL,NULL,NULL,NULL,NULL,NULL,36,'2016-01-08 17:24:45','2016-01-08 17:24:45',NULL,NULL),(36,'G25','',NULL,NULL,NULL,0,NULL,NULL,NULL,NULL,NULL,NULL,NULL,37,'2016-01-08 17:24:45','2016-01-08 17:24:45',NULL,NULL),(37,'G27','',NULL,NULL,NULL,0,NULL,NULL,NULL,NULL,NULL,NULL,NULL,38,'2016-01-08 17:24:45','2016-01-08 17:24:45',NULL,NULL),(38,'G29','',NULL,NULL,NULL,0,NULL,NULL,NULL,NULL,NULL,NULL,NULL,39,'2016-01-08 17:24:45','2016-01-08 17:24:45',NULL,NULL),(39,'G31','',NULL,NULL,NULL,0,NULL,NULL,NULL,NULL,NULL,NULL,NULL,40,'2016-01-08 17:24:45','2016-01-08 17:24:45',NULL,NULL),(40,'G33','',NULL,NULL,NULL,0,NULL,NULL,NULL,NULL,NULL,NULL,NULL,41,'2016-01-08 17:24:45','2016-01-08 17:24:45',NULL,NULL),(41,'G35','',NULL,NULL,NULL,0,NULL,NULL,NULL,NULL,NULL,NULL,NULL,42,'2016-01-08 17:24:45','2016-01-08 17:24:45',NULL,NULL),(42,'G37','',NULL,NULL,NULL,0,NULL,NULL,NULL,NULL,NULL,NULL,NULL,43,'2016-01-08 17:24:45','2016-01-08 17:24:45',NULL,NULL),(43,'G39','',NULL,NULL,NULL,0,NULL,NULL,NULL,NULL,NULL,NULL,NULL,44,'2016-01-08 17:24:45','2016-01-08 17:24:45',NULL,NULL),(44,'G19','',NULL,NULL,NULL,0,NULL,NULL,NULL,NULL,NULL,NULL,NULL,45,'2016-01-08 17:24:45','2016-01-08 17:24:45',NULL,NULL),(45,'G17','',NULL,NULL,NULL,0,NULL,NULL,NULL,NULL,NULL,NULL,NULL,46,'2016-01-08 17:24:45','2016-01-08 17:24:45',NULL,NULL),(46,'O36','',NULL,NULL,NULL,0,NULL,NULL,NULL,NULL,NULL,NULL,NULL,47,'2016-01-08 17:24:45','2016-01-08 17:24:45',NULL,NULL),(47,'O34','',NULL,NULL,NULL,0,NULL,NULL,NULL,NULL,NULL,NULL,NULL,48,'2016-01-08 17:24:45','2016-01-08 17:24:45',NULL,NULL),(48,'O28','',NULL,NULL,NULL,0,NULL,NULL,NULL,NULL,NULL,NULL,NULL,49,'2016-01-08 17:24:45','2016-01-08 17:24:45',NULL,NULL),(49,'O26','',NULL,NULL,NULL,0,NULL,NULL,NULL,NULL,NULL,NULL,NULL,50,'2016-01-08 17:24:45','2016-01-08 17:24:45',NULL,NULL),(50,'O24','',NULL,NULL,NULL,0,NULL,NULL,NULL,NULL,NULL,NULL,NULL,51,'2016-01-08 17:24:45','2016-01-08 17:24:45',NULL,NULL),(51,'O22','',NULL,NULL,NULL,0,NULL,NULL,NULL,NULL,NULL,NULL,NULL,52,'2016-01-08 17:24:45','2016-01-08 17:24:45',NULL,NULL),(52,'O20','',NULL,NULL,NULL,0,NULL,NULL,NULL,NULL,NULL,NULL,NULL,53,'2016-01-08 17:24:45','2016-01-08 17:24:45',NULL,NULL),(53,'O18','',NULL,NULL,NULL,0,NULL,NULL,NULL,NULL,NULL,NULL,NULL,54,'2016-01-08 17:24:45','2016-01-08 17:24:45',NULL,NULL),(54,'O16','',NULL,NULL,NULL,0,NULL,NULL,NULL,NULL,NULL,NULL,NULL,55,'2016-01-08 17:24:45','2016-01-08 17:24:45',NULL,NULL),(55,'O14','',NULL,NULL,NULL,0,NULL,NULL,NULL,NULL,NULL,NULL,NULL,56,'2016-01-08 17:24:45','2016-01-08 17:24:45',NULL,NULL),(56,'O8','',NULL,NULL,NULL,0,NULL,NULL,NULL,NULL,NULL,NULL,NULL,57,'2016-01-08 17:24:45','2016-01-08 17:24:45',NULL,NULL),(57,'O6','',NULL,NULL,NULL,0,NULL,NULL,NULL,NULL,NULL,NULL,NULL,58,'2016-01-08 17:24:45','2016-01-08 17:24:45',NULL,NULL),(58,'O64','',NULL,NULL,NULL,0,NULL,NULL,NULL,NULL,NULL,NULL,NULL,60,'2016-01-08 17:24:45','2016-01-08 17:24:45',NULL,NULL),(59,'O62','',NULL,NULL,NULL,0,NULL,NULL,NULL,NULL,NULL,NULL,NULL,61,'2016-01-08 17:24:45','2016-01-08 17:24:45',NULL,NULL),(60,'O60','',NULL,NULL,NULL,0,NULL,NULL,NULL,NULL,NULL,NULL,NULL,62,'2016-01-08 17:24:45','2016-01-08 17:24:45',NULL,NULL),(61,'O58','',NULL,NULL,NULL,0,NULL,NULL,NULL,NULL,NULL,NULL,NULL,63,'2016-01-08 17:24:45','2016-01-08 17:24:45',NULL,NULL),(62,'O56','',NULL,NULL,NULL,0,NULL,NULL,NULL,NULL,NULL,NULL,NULL,64,'2016-01-08 17:24:45','2016-01-08 17:24:45',NULL,NULL),(63,'O54','',NULL,NULL,NULL,0,NULL,NULL,NULL,NULL,NULL,NULL,NULL,65,'2016-01-08 17:24:45','2016-01-08 17:24:45',NULL,NULL),(64,'O48','',NULL,NULL,NULL,0,NULL,NULL,NULL,NULL,NULL,NULL,NULL,66,'2016-01-08 17:24:45','2016-01-08 17:24:45',NULL,NULL),(65,'O46','',NULL,NULL,NULL,0,NULL,NULL,NULL,NULL,NULL,NULL,NULL,67,'2016-01-08 17:24:45','2016-01-08 17:24:45',NULL,NULL),(66,'O40','',NULL,NULL,NULL,0,NULL,NULL,NULL,NULL,NULL,NULL,NULL,68,'2016-01-08 17:24:45','2016-01-08 17:24:45',NULL,NULL),(67,'O38','',NULL,NULL,NULL,0,NULL,NULL,NULL,NULL,NULL,NULL,NULL,69,'2016-01-08 17:24:45','2016-01-08 17:24:45',NULL,NULL),(68,'O32','',NULL,NULL,NULL,0,NULL,NULL,NULL,NULL,NULL,NULL,NULL,70,'2016-01-08 17:24:45','2016-01-08 17:24:45',NULL,NULL),(69,'O30','',NULL,NULL,NULL,0,NULL,NULL,NULL,NULL,NULL,NULL,NULL,71,'2016-01-08 17:24:45','2016-01-08 17:24:45',NULL,NULL),(70,'O12','',NULL,NULL,NULL,0,NULL,NULL,NULL,NULL,NULL,NULL,NULL,72,'2016-01-08 17:24:45','2016-01-08 17:24:45',NULL,NULL),(71,'O10','',NULL,NULL,NULL,0,NULL,NULL,NULL,NULL,NULL,NULL,NULL,73,'2016-01-08 17:24:45','2016-01-08 17:24:45',NULL,NULL),(72,'O4','',NULL,NULL,NULL,0,NULL,NULL,NULL,NULL,NULL,NULL,NULL,74,'2016-01-08 17:24:45','2016-01-08 17:24:45',NULL,NULL),(73,'O2','',NULL,NULL,NULL,0,NULL,NULL,NULL,NULL,NULL,NULL,NULL,75,'2016-01-08 17:24:45','2016-01-08 17:24:45',NULL,NULL),(74,'O52','',NULL,NULL,NULL,0,NULL,NULL,NULL,NULL,NULL,NULL,NULL,76,'2016-01-08 17:24:45','2016-01-08 17:24:45',NULL,NULL),(75,'O50','',NULL,NULL,NULL,0,NULL,NULL,NULL,NULL,NULL,NULL,NULL,77,'2016-01-08 17:24:45','2016-01-08 17:24:45',NULL,NULL),(76,'O44','',NULL,NULL,NULL,0,NULL,NULL,NULL,NULL,NULL,NULL,NULL,78,'2016-01-08 17:24:45','2016-01-08 17:24:45',NULL,NULL),(77,'O42','',NULL,NULL,NULL,0,NULL,NULL,NULL,NULL,NULL,NULL,NULL,79,'2016-01-08 17:24:45','2016-01-08 17:24:45',NULL,NULL),(79,'markus1@celit.se','$2a$10$/LD.ZD8zkRMAlHuCcALDM.eikmekhPh69U9oS73aeS9eQu6DZ97M.',NULL,NULL,NULL,1,'2016-01-30 22:40:50','2016-01-30 22:40:50','127.0.0.1','127.0.0.1',NULL,NULL,'0',2,'2016-01-30 22:40:34','2016-01-30 22:40:50',NULL,NULL);
/*!40000 ALTER TABLE `users` ENABLE KEYS */;
UNLOCK TABLES;
/*!40103 SET TIME_ZONE=@OLD_TIME_ZONE */;

/*!40101 SET SQL_MODE=@OLD_SQL_MODE */;
/*!40014 SET FOREIGN_KEY_CHECKS=@OLD_FOREIGN_KEY_CHECKS */;
/*!40014 SET UNIQUE_CHECKS=@OLD_UNIQUE_CHECKS */;
/*!40101 SET CHARACTER_SET_CLIENT=@OLD_CHARACTER_SET_CLIENT */;
/*!40101 SET CHARACTER_SET_RESULTS=@OLD_CHARACTER_SET_RESULTS */;
/*!40101 SET COLLATION_CONNECTION=@OLD_COLLATION_CONNECTION */;
/*!40111 SET SQL_NOTES=@OLD_SQL_NOTES */;

-- Dump completed on 2016-02-01 17:33:00
